opportunity_reference,account_name,opportunity_name,project_type,stage,probability,estimated_value,expected_close_date,sales_owner,technical_owner,customer_budget,competitors,next_step,next_action_date,status,notes
SS-26-0109,Fahss,Force Guage| Door Pressure Measuring Device,New,Qualification,90,111.0,2026-09-01,Abdelaziz Abdelsadek,Abdelaziz,0,,,2026-09-01,Open,"Business Unit: Trading | End User: Fahss | Industry: Materials | Original Stage: Budgetary | Forecast GM: 30.0% / 3,000.00 | Delivery: 2026-07-29 | Must Win: Yes | Quality: Source GM value differs materially from Gross × GM %"
SS-26-0108,SE,Rehabilitation of 18 Continuous Emission Monitoring Systems,New,Proposal,70,0.0,2026-12-01,Shady Moussa,Rania,0,,,2026-12-01,Open,Business Unit: Trading | End User: SE QCCPP | Industry: Oil & Gas | Original Stage: Firm | Forecast GM: 25.0% / 0.00 | Delivery: 2026-07-22 | Must Win: Yes | Quality: Gross value missing
SS-26-0107,ZOMCO,Supply & Install USM Spare Parts,New,Awarded,90,146298.1,2026-07-01,Shady Moussa,Nishar,0,,,2026-07-01,Won,"Business Unit: Trading | End User: SEC | Industry: Oil & Gas | Original Stage: Won | Forecast GM: 20.0% / 210,000.00 | Delivery: 2026-07-16 | Must Win: Yes | Quality: Source GM value differs materially from Gross × GM %"
SS-26-0105,Tamkeen advanced,RFP6500000953 - UPGRADE VIBRATION MEASUREMENT,New,Qualification,70,0.0,2026-12-01,Shady Moussa,Bahaa,0,,Sale: Bahaa + Shady,2026-12-01,Open,Business Unit: Trading | End User: SEC - Rabigh | Industry: Power & Water | Original Stage: Budgetary | Forecast GM: 20.0% / 0.00 | Delivery: 2026-06-30 | Must Win: Yes | Quality: Gross value missing
SS-26-0106,Fahss,Battery-Powered GPS Data Logger,New,Proposal,90,100.0,2026-10-01,Abdelaziz Abdelsadek,abdelaziz,0,,,2026-10-01,Open,"Business Unit: Trading | End User: Al Madina Amana | Industry: Oil & Gas | Original Stage: Firm | Forecast GM: 15.0% / 1,000.00 | Delivery: 2026-12-31 | Must Win: Yes | Quality: Source GM value differs materially from Gross × GM %"
SS-26-0104,ASHOMCO,ASHOMCo RFQ - TOMCO - PR00325 - Saudi Sensing,New,Proposal,90,60000.0,2025-10-01,Shady Moussa,Imran,0,,,2025-10-01,Open,"Business Unit: Trading | End User: Aramco - Tanajib | Industry: Oil & Gas | Original Stage: Firm | Forecast GM: 25.0% / 12,500.00 | Delivery: 2026-06-25 | Must Win: Yes | Quality: Source GM value differs materially from Gross × GM %"
SS-26-0090,Natural Gas Distribution Company,PURM300394 // RFQ -Case 11820490,New,Proposal,70,9300.0,2026-11-01,Shady Moussa,Nishar,0,,,2026-11-01,Open,"Business Unit: Trading | End User: Natural Gas Distribution Company | Industry: Oil & Gas | Original Stage: Firm | Forecast GM: 25.0% / 1,910.00 | Delivery: 2026-05-05 | Must Win: Yes | Quality: Source GM value differs materially from Gross × GM %"
SS-26-0103,trillium flow,VMS and Machinery Health Asset Reliabilty Check,New,Proposal,90,0.0,2026-06-01,Bahaa Abusaqer,Bahaa Abusaqer,0,,,2026-06-01,Open,"Business Unit: Project | End User: WTTCO Jubail Riyadh PS1 | Industry: Oil & Gas | Original Stage: Firm | Forecast GM: 30.0% / 100,000.00 | Delivery: 2026-06-17 | Must Win: Yes | Quality: Gross value missing"
SS-26-0102,Paper Life Factories,Paper Life Factories MES,New,Qualification,90,120000.0,2026-12-01,Abdelaziz Abdelsadek,syed omran,0,,,2026-12-01,Open,"Business Unit: Service | End User: Paper Life Factories | Industry: Materials | Original Stage: Budgetary | Forecast GM: 10.0% / 12,000.00 | Delivery: 2026-06-11 | Must Win: Yes"
SS-26-0101,NGC Energy Saudi Company LLC,Supply Gas Regulator,New,Awarded,70,21000.0,2026-08-01,Shady Moussa,Nishar,0,,,2026-08-01,Won,"Business Unit: Trading | End User: Crown Paper Mill | Industry: Oil & Gas | Original Stage: Won | Forecast GM: 25.0% / 4,524.01 | Delivery: 2026-06-01 | Must Win: Yes | Quality: Source GM value differs materially from Gross × GM %"
SS-26-0100,GulfNet Solutions Company Limited (GNS),Building VMS,New,Proposal,90,0.0,2026-11-01,Shady Moussa,Bahaa,0,,Sales: Bahaa + Shady,2026-11-01,Open,"Business Unit: Project | End User: SWA, RTCC | Industry: Power & Water | Original Stage: Firm | Forecast GM: 0.0% / 0.00 | Delivery: 2026-05-21 | Must Win: Yes | Quality: Gross value missing; GM % missing"
SS-26-0099,Aramco,"Event Aramco_6000189707_NAPD, Jubail-II Master Metering Syst",New,Proposal,90,1253600.0,2026-07-01,Shady Moussa,Nishar,0,,,2026-07-01,Open,"Business Unit: Trading | End User: Aramco Jubail Master II | Industry: Oil & Gas | Original Stage: Firm | Forecast GM: 15.0% / 283,400.00 | Delivery: 2026-05-21 | Must Win: Yes | Quality: Source GM value differs materially from Gross × GM %"
SS-26-0098,First Gas,FW: RFQ - Startup an Commissioning Cables Supply and Install,New,Proposal,70,200000.0,2026-08-01,Shady Moussa,Imran,0,,,2026-08-01,Open,"Business Unit: Project | End User: Saudi Cement | Industry: Petrochemical | Original Stage: Firm | Forecast GM: 20.0% / 40,000.00 | Delivery: 2026-05-15 | Must Win: Yes"
SS-26-0097,Arrazi-sabic,RFx 5500797677 (CACE PIII and PV),New,Proposal,70,2000000.0,2027-02-01,Rania Alamin,Rania,0,,,2027-02-01,Open,"Business Unit: Project | End User: arrazi | Industry: Oil & Gas | Original Stage: Firm | Forecast GM: 15.0% / 300,000.00 | Delivery: 2026-05-14 | Must Win: Yes"
SS-26-0096,el sewedy,MCN 25-1396 || SABIC (Sabtank) || 5500770571 || Methanol Tan,Upgrade,Qualification,90,20000.0,2026-01-01,Abdelaziz Abdelsadek,abdelaziz,0,,,2026-01-01,Open,"Business Unit: Trading | End User: sabtank | Industry: Chemical | Original Stage: Budgetary | Forecast GM: 25.0% / 5,000.00 | Delivery: 2026-05-14 | Must Win: Yes"
SS-26-0095,AJ corporation,RFQ-Supply & Installation of BMS for GPIL project.,New,Qualification,90,1000.0,2026-12-01,Abdelaziz Abdelsadek,Abdelaziz,0,,,2026-12-01,Open,"Business Unit: Trading | End User: GULF PACKAGING INDUSTRIES | Industry: Materials | Original Stage: Budgetary | Forecast GM: 15.0% / 100,000.00 | Delivery: 2026-05-11 | Must Win: Yes | Quality: Source GM value differs materially from Gross × GM %"
SS-26-0094,Abdul Latif Jameel,Electric panel sensor,New,Qualification,90,1000.0,2026-06-01,Abdelaziz Abdelsadek,abdelaziz,0,,,2026-06-01,Open,"Business Unit: Trading | End User: Abdul Latif Jameel | Industry: Materials | Original Stage: Budgetary | Forecast GM: 20.0% / 10,000.00 | Delivery: 2026-05-11 | Must Win: Yes | Quality: Source GM value differs materially from Gross × GM %"
SS-26-0093,MGC,RFQ - Replacement Of Ended Lifetime Technologies and Assets,New,Proposal,70,0.0,2026-11-01,Shady Moussa,Bahaa,0,,Sales: Shady + Bahaa,2026-11-01,Open,Business Unit: Project | End User: SWA | Industry: Oil & Gas | Original Stage: Firm | Forecast GM: 0.0% / 0.00 | Delivery: 2026-05-10 | Must Win: Yes | Quality: Gross value missing; GM % missing
SS-26-0092,First Gas,First Gas // LV Cables // Request for Quotations,New,Proposal,70,0.0,2026-06-01,Shady Moussa,Imran,0,,,2026-06-01,Open,Business Unit: Project | End User: Saudi cement | Industry: Oil & Gas | Original Stage: Firm | Forecast GM: 20.0% / 0.00 | Delivery: 2026-05-10 | Must Win: Yes | Quality: Gross value missing
SS-26-0091,Khaled Abdulrahman Al-Hathal Contracting Est.,Building BMS system,New,Qualification,70,0.0,2026-10-01,Abdelaziz Abdelsadek,Abdelaziz,0,,Sales: Shady + Abdelaziz,2026-10-01,Open,Business Unit: Trading | End User: Taif Air Base | Industry: Oil & Gas | Original Stage: Budgetary | Forecast GM: 0.0% / 0.00 | Delivery: 2026-05-05 | Must Win: Yes | Quality: Gross value missing; GM % missing
SS-26-0089,Maaden,Supply of Honeywell Pressure Transmitter,Replacement,Proposal,90,8000.0,2026-05-01,Mohammed Nishar,Mohamed Nishar,0,,,2026-05-01,Open,"Business Unit: Trading | End User: Saudi Arabian Mining Company - Maaden | Industry: Materials | Original Stage: Firm | Forecast GM: 25.0% / 1,000.00 | Delivery: 2026-05-14 | Must Win: Yes | Quality: Source GM value differs materially from Gross × GM %"
SS-26-0088,Sinopec,Aramco Replace Plant 25 Main Compressor at Ras Tanura jb,New,Proposal,90,2500000.0,2026-01-01,Basith Ahmed,Rania,0,,,2026-01-01,Open,"Business Unit: Project | End User: Aramco | Industry: Oil & Gas | Original Stage: Firm | Forecast GM: 10.0% / 250,000.00 | Delivery: 2026-04-28 | Must Win: Yes"
SS-26-0087,Aramco,Kerosene Metering from Saudi Aramco NRTU to King Khalid Int,New,Qualification,40,850000.0,2026-12-01,Basith Ahmed,Rania,0,,,2026-12-01,Open,"Business Unit: Project | End User: Aramco | Industry: Oil & Gas | Original Stage: Budgetary | Forecast GM: 15.0% / 127,500.00 | Delivery: 2026-04-28 | Must Win: Yes"
SS-26-0086,Civil Works Company,Upgradation of VMS,New,Qualification,90,900000.0,2026-06-01,Shady Moussa,Bahaa,0,,Sales: Shady + Bahaa,2026-06-01,Open,"Business Unit: Project | End User: SWA - Yanbu | Industry: Power & Water | Original Stage: Budgetary | Forecast GM: 30.0% / 200,000.00 | Delivery: 2026-04-23 | Must Win: Yes | Quality: Source GM value differs materially from Gross × GM %"
SS-26-0085,SEC,Validation & Verification USM & FC,New,Qualification,70,60000.0,2026-11-01,Shady Moussa,Nishar,0,,,2026-11-01,Open,"Business Unit: Trading | End User: SEC - PP14 | Industry: Power & Water | Original Stage: Budgetary | Forecast GM: 25.0% / 30,000.00 | Delivery: 2026-04-23 | Must Win: Yes | Quality: Source GM value differs materially from Gross × GM %"
SS-26-0084,Riyadh Aletqan Co.,Custom Made Speed sensors as a replacment of exisit,New,Lost,40,251250.0,2026-03-01,Bahaa Abusaqer,BA,0,,Project Lost due to high prices as informed by customer,2026-03-01,Lost,"Business Unit: Project | End User: ASCOM Carbonate & Chemicals Manufacturing | Industry: Chemical | Original Stage: Lost | Forecast GM: 30.0% / 75,375.00 | Delivery: 2026-04-21 | Must Win: Yes"
SS-26-0083,Natural Gas Distribution Company,RFQ // METERING SKID RFQ for SEVEN (7) NEW FACTORIESCUSTOMER,New,Proposal,70,2000000.0,2027-03-01,Shady Moussa,Rania,0,,,2027-03-01,Open,"Business Unit: Project | End User: Natural Gas Distribution Company | Industry: Oil & Gas | Original Stage: Firm | Forecast GM: 0.0% / 1,000,000.00 | Delivery: 2026-04-21 | Must Win: Yes | Quality: GM % missing"
SS-26-0082,Sessco Basheer,Mitsubishi Local partner - Sesco,Replacement,Qualification,90,11.0,2026-06-01,Abdelaziz Abdelsadek,ABDELAZIZ,0,,,2026-06-01,Open,Business Unit: Trading | End User: SESSCO | Industry: Materials | Original Stage: Budgetary | Forecast GM: 50.0% / 550.00 | Delivery: 2026-04-20 | Must Win: Yes | Quality: Source GM value differs materially from Gross × GM %
SS-26-0081,SEC,Upgrade BN3500 to Shinkawa VM7 OR BN3500 Services Repair,New,Qualification,70,4000000.0,2026-08-01,Bahaa Abusaqer,Bahaa Abusaqer,0,,"Sales man Shady - Bahaa, we are just wating for SHINKAWA R&D to give us the possibilty of making BulkHead Rack Type, then we make the quotation",2026-08-01,Open,"Business Unit: Project | End User: SEC PP10 | Industry: Power & Water | Original Stage: Budgetary | Forecast GM: 30.0% / 1,200,000.00 | Delivery: 2026-11-30 | Must Win: Yes"
SS-26-0080,Al-Hatha Company,Supplly Mechanical Flow Meter,New,Qualification,70,0.0,2026-01-01,Shady Moussa,Nishar,0,,,2026-01-01,Open,Business Unit: Trading | End User: Taif Airbase | Industry: Oil & Gas | Original Stage: Budgetary | Forecast GM: 25.0% / 0.00 | Delivery: 2026-04-14 | Must Win: Yes | Quality: Gross value missing
SS-26-0079,zamel cranes,drives quotation,Replacement,Qualification,90,5000.0,2026-06-01,Abdelaziz Abdelsadek,Abdelaziz,0,,,2026-06-01,Open,"Business Unit: Trading | End User: zamel cranes | Industry: Materials | Original Stage: Budgetary | Forecast GM: 40.0% / 1,500.00 | Delivery: 2026-06-30 | Must Win: Yes | Quality: Source GM value differs materially from Gross × GM %"
SS-26-0078,zamel Cranes,Develop Automation Solution for Overhead Electrical Cranes,New,Qualification,90,25.0,2026-06-01,Abdelaziz Abdelsadek,Rania,0,,,2026-06-01,Open,"Business Unit: Trading | End User: zamel cranes | Industry: Materials | Original Stage: Budgetary | Forecast GM: 25.0% / 2,500.00 | Delivery: 2026-04-14 | Must Win: Yes | Quality: Source GM value differs materially from Gross × GM %"
SS-26-0077,Technology Products and Services Co. (TPS),Technology Products and Services Co. (TPS),New,Qualification,90,111.0,2026-06-01,Abdelaziz Abdelsadek,abdelaziz,0,,,2026-06-01,Open,Business Unit: Trading | End User: Technology Products and Services Co. (TPS) | Industry: Materials | Original Stage: Budgetary | Forecast GM: 50.0% / 110.00 | Delivery: 2026-06-30 | Must Win: Yes
SS-26-0076,Aramco Wusta and Ghazlan,"Replacement of Senior orifice Fittings Spares 30""",New,Proposal,90,0.0,2026-07-01,Hussain Al Haydar,Mohamed Nishar,0,,Received offer from Daniel for Spares,2026-07-01,Open,"Business Unit: Trading | End User: Aramco | Industry: Oil & Gas | Original Stage: Firm | Forecast GM: 20.0% / 56,000.00 | Delivery: 2026-12-31 | Must Win: Yes | Quality: Gross value missing"
SS-26-0075,Marafiq,Supply of Emerson Flow Computer Kit,New,Proposal,90,0.0,2026-01-01,Mohammed Nishar,Mohamed Nishar,0,,RFQ received from Marafiq for Flow computer Spares,2026-01-01,Open,"Business Unit: Trading | End User: Marafiq | Industry: Oil & Gas | Original Stage: Firm | Forecast GM: 25.0% / 5,000.00 | Delivery: 2026-04-12 | Must Win: Yes | Quality: Gross value missing"
SS-26-0074,Sipchem,Supply of ABB Positioner,New,Proposal,90,0.0,2026-06-01,Mohammed Nishar,Mohammed Nishar,0,,,2026-06-01,Open,"Business Unit: Trading | End User: Sipchem | Industry: Oil & Gas | Original Stage: Firm | Forecast GM: 25.0% / 9,000.00 | Delivery: 2026-04-13 | Must Win: Yes | Quality: Gross value missing"
SS-26-0073,Aramco,Supply USM spare parts,New,Qualification,70,219000.0,2026-12-01,Shady Moussa,Nishar,0,,,2026-12-01,Open,"Business Unit: Trading | End User: Marafiq | Industry: Oil & Gas | Original Stage: Budgetary | Forecast GM: 25.0% / 60,000.00 | Delivery: 2026-04-02 | Must Win: Yes | Quality: Source GM value differs materially from Gross × GM %"
SS-26-0072,National Water Works Co,RFQ# ULTRASONIC FLOWMETER - OPM250004,New,Proposal,70,0.0,2026-10-01,Shady Moussa,Nishar,0,,,2026-10-01,Open,"Business Unit: Trading | End User: Saudi Irrigation organization. | Industry: Food & Beverage | Original Stage: Firm | Forecast GM: 25.0% / 8,000.00 | Delivery: 2026-11-17 | Must Win: Yes | Quality: Gross value missing"
SS-26-0071,SAUDI MODERN FOODS FACTORY,SAUDI MODERN FOODS FACTORY,New,Qualification,90,3443.69,2026-05-01,Abdelaziz Abdelsadek,,0,,,2026-05-01,Open,Business Unit: Trading | End User: SAUDI MODERN FOODS FACTORY | Industry: Food & Beverage | Original Stage: Budgetary | Forecast GM: 50.0% / 500.00 | Delivery: 2026-06-30 | Must Win: Yes | Quality: Source GM value differs materially from Gross × GM %; Assigned To missing
SS-26-0070,zamil cranes,Develop Automation Solution for Overhead Electrical Cranes,New,Qualification,90,25000.0,2026-05-01,Abdelaziz Abdelsadek,,0,,,2026-05-01,Open,"Business Unit: Trading | End User: zamil cranes | Industry: Oil & Gas | Original Stage: Budgetary | Forecast GM: 20.0% / 10,000.00 | Delivery: 2026-03-30 | Must Win: Yes | Quality: Source GM value differs materially from Gross × GM %; Assigned To missing"
SS-26-0069,Qiddya,Qiddya National Tennis Complex,New,Qualification,90,500000.0,2026-12-01,Abdelaziz Abdelsadek,,0,,,2026-12-01,Open,"Business Unit: Trading | End User: Qiddya | Industry: Materials | Original Stage: Budgetary | Forecast GM: 10.0% / 500,000.00 | Delivery: 2026-03-30 | Must Win: Yes | Quality: Source GM value differs materially from Gross × GM %; Assigned To missing"
SS-26-0068,AL Babteen Plastic,MDP pannel Quotation,New,Qualification,90,15000.0,2026-09-01,Abdelaziz Abdelsadek,Nishar,0,,,2026-09-01,Open,"Business Unit: Trading | End User: AL Babteen Plastic | Industry: Materials | Original Stage: Budgetary | Forecast GM: 10.0% / 10,000.00 | Delivery: 2026-10-31 | Must Win: Yes | Quality: Source GM value differs materially from Gross × GM %"
SS-26-0067,Hadeed,Validation & Verification Services for USM & FC,New,Awarded,90,135800.0,2026-04-01,Shady Moussa,Nishar,0,,,2026-04-01,Won,"Business Unit: Trading | End User: Hadeed - Aramco | Industry: Oil & Gas | Original Stage: Won | Forecast GM: 25.0% / 33,950.00 | Delivery: 2026-03-17 | Must Win: Yes"
SS-26-0066,Al Essa For Contracting,FIELD INSTRUMENTS //WATER TRANSMISSION PIPELINE PROJECT - RU,New,Proposal,90,0.0,2026-06-01,Mohammed Nishar,Mohammed Nishar,0,,,2026-06-01,Open,Business Unit: Project | End User: Principal Buyer | Industry: Oil & Gas | Original Stage: Firm | Forecast GM: 0.0% / 0.00 | Delivery: 2026-10-31 | Must Win: Yes | Quality: Gross value missing; GM % missing
SS-26-0065,ODS Middle East FZE,Supply GC ProChain Spares,New,Awarded,90,56988.53,2026-04-01,Shady Moussa,Nishar,0,,,2026-04-01,Won,"Business Unit: Trading | End User: ANOH Gas Plant | Industry: Oil & Gas | Original Stage: Won | Forecast GM: 25.0% / 17,806.00 | Delivery: 2026-03-10 | Must Win: Yes | Quality: Source GM value differs materially from Gross × GM %"
SS-26-0064,Aramco,BI-10-15618 - Debottleneck Produced Water Facilities at Sout,New,Qualification,70,20000000.0,2026-07-01,Bahaa Abusaqer,Bahaa,0,,TCL was submitted on 14th April 2026 to our sent Proposal,2026-07-01,Open,"Business Unit: Project | End User: ARAMCO | Industry: Oil & Gas | Original Stage: Budgetary | Forecast GM: 30.0% / 6,000,000.00 | Delivery: 2026-10-31 | Must Win: Yes"
SS-26-0063,SEC,"Supply, Install, Testing and Commissioning of New radar",New,Qualification,70,0.0,2026-12-01,Shady Moussa,Rania,0,,,2026-12-01,Open,Business Unit: Project | End User: SEC - Tabuk | Industry: Oil & Gas | Original Stage: Budgetary | Forecast GM: 25.0% / 0.00 | Delivery: 2026-03-04 | Must Win: Yes | Quality: Gross value missing
SS-26-0062,GPDS,Building Control system for Potable Pump,New,Proposal,70,0.0,2026-09-01,Shady Moussa,Rania,0,,,2026-09-01,Open,Business Unit: Project | End User: Moodon | Industry: Oil & Gas | Original Stage: Firm | Forecast GM: 25.0% / 0.00 | Delivery: 2026-03-03 | Must Win: Yes | Quality: Gross value missing
SS-26-0061,SEC,Replace Radar LT and MST unit,New,Qualification,70,0.0,2026-01-01,Shady Moussa,Rania,0,,,2026-01-01,Open,Business Unit: Trading | End User: SEC - Tabuk | Industry: Oil & Gas | Original Stage: Budgetary | Forecast GM: 0.0% / 0.00 | Delivery: 2026-02-25 | Must Win: Yes | Quality: Gross value missing; GM % missing
SS-26-0060,Tamimi Energy,Sustainability Report,New,Qualification,90,5.0,2026-03-01,Hussain Al Haydar,Hussain Al Haydar,0,,,2026-03-01,Open,"Business Unit: Trading | End User: Tamimi Energy | Industry: Oil & Gas | Original Stage: Budgetary | Forecast GM: 5.0% / 137,624.84 | Delivery: 2026-03-31 | Must Win: Yes | Quality: Source GM value differs materially from Gross × GM %"
SS-26-0059,Energia,supply of level transmitter,New,Qualification,90,150000.0,2026-10-01,,Rania,0,,,2026-10-01,Open,"Business Unit: Trading | End User: Neom | Industry: Materials | Original Stage: Budgetary | Forecast GM: 20.0% / 30,000.00 | Delivery: 2026-02-23 | Must Win: Yes | Quality: Salesman missing"
SS-26-0058,First Gas,Supply PT & TT & PI,New,Awarded,90,25000.0,2026-02-01,Shady Moussa,Nishar,0,,,2026-02-01,Won,"Business Unit: Trading | End User: Aramco | Industry: Oil & Gas | Original Stage: Won | Forecast GM: 25.0% / 5,000.00 | Delivery: 2026-02-18 | Must Win: Yes | Quality: Source GM value differs materially from Gross × GM %"
SS-26-0057,Jubail O & M Ltd Company,JOMEL Company has invited you RFQ: 1500008475,New,Proposal,90,56700.0,2026-04-01,Shady Moussa,Nishar,0,,,2026-04-01,Open,"Business Unit: Trading | End User: Marafiq IWPP | Industry: Oil & Gas | Original Stage: Firm | Forecast GM: 27.0% / 11,000.00 | Delivery: 2026-02-16 | Must Win: Yes | Quality: Source GM value differs materially from Gross × GM %"
SS-26-0056,SIMPLE SOLUTIONS COMPANY,Supply of Thermowell,New,Proposal,90,5000.0,2026-03-01,Mohammed Nishar,Mohammed Nishar,0,,,2026-03-01,Open,"Business Unit: Trading | End User: Maaden | Industry: Oil & Gas | Original Stage: Firm | Forecast GM: 25.0% / 1,500.00 | Delivery: 2026-02-16 | Must Win: Yes | Quality: Source GM value differs materially from Gross × GM %"
SS-26-0055,Gas Solutions Company,Inquiry for Quotation | PLC | 2026-02-11,New,Proposal,70,0.0,2026-04-01,Shady Moussa,Rania,0,,,2026-04-01,Open,Business Unit: Trading | End User: THE AMAALA MARINA LIFESTYLE ANDF HOTEL VILLAGE (MLH) | Industry: Oil & Gas | Original Stage: Firm | Forecast GM: 25.0% / 0.00 | Delivery: 2026-02-15 | Must Win: Yes | Quality: Gross value missing
SS-26-0054,Gas Solutions,Supply of Flow Transmitters,New,Proposal,70,0.0,2026-04-01,Shady Moussa,Nishar,0,,,2026-04-01,Open,Business Unit: Trading | End User: Aramco | Industry: Oil & Gas | Original Stage: Firm | Forecast GM: 20.0% / 0.00 | Delivery: 2026-02-15 | Must Win: Yes | Quality: Gross value missing
SS-26-0053,Dar Al-Mughirah Industrial Company,Dar Al-Mughirah Industrial Company,New,Qualification,90,100.0,2026-05-01,Abdelaziz Abdelsadek,nishar,0,,,2026-05-01,Open,"Business Unit: Trading | End User: Dar Al-Mughirah Industrial Company | Industry: Materials | Original Stage: Budgetary | Forecast GM: 20.0% / 1,000.00 | Delivery: 2026-02-12 | Must Win: Yes | Quality: Source GM value differs materially from Gross × GM %"
SS-26-0052,Alfreid TRADING COMPANY,Lead Inbound Notification from C4C - Quote-Request_alfreid,Replacement,Qualification,90,500.0,2026-04-01,Abdelaziz Abdelsadek,Nishar,0,,,2026-04-01,Open,"Business Unit: Trading | End User: Alfreid TRADING COMPANY | Industry: Materials | Original Stage: Budgetary | Forecast GM: 50.0% / 30,000.00 | Delivery: 2026-05-06 | Must Win: Yes | Quality: Source GM value differs materially from Gross × GM %"
SS-26-0051,Hadeed,Validation & Verification USM,New,Qualification,90,41000.0,2026-02-01,Shady Moussa,Nishar,0,,,2026-02-01,Open,"Business Unit: Trading | End User: Aramco | Industry: Oil & Gas | Original Stage: Budgetary | Forecast GM: 20.0% / 11,000.00 | Delivery: 2026-02-11 | Must Win: Yes | Quality: Source GM value differs materially from Gross × GM %"
SS-26-0050,alfreid trading,Quote-Request_alfreid trading,Replacement,Qualification,90,100.0,2026-04-01,Abdelaziz Abdelsadek,abdelaziz,0,,,2026-04-01,Open,Business Unit: Trading | End User: alfreid trading | Industry: Materials | Original Stage: Budgetary | Forecast GM: 50.0% / 400.00 | Delivery: 2026-02-11 | Must Win: Yes | Quality: Source GM value differs materially from Gross × GM %
SS-26-0049,Zamil offshore,LB9 REQ # 26-010 SIEMENS,New,Qualification,90,1000.0,2026-03-01,Abdelaziz Abdelsadek,abdelaziz,0,,,2026-03-01,Open,"Business Unit: Trading | End User: zamil offshore | Industry: Materials | Original Stage: Budgetary | Forecast GM: 35.0% / 1,000.00 | Delivery: 2026-02-10 | Must Win: Yes | Quality: Source GM value differs materially from Gross × GM %"
SS-26-0048,AlYamama,OXAGON PORT CHILLER PLANT – PHASE 1A - MODULAR PLANT– SCADA,New,Qualification,90,0.0,2027-06-01,,Rania,0,,,2027-06-01,Open,Business Unit: Project | End User: Neom | Industry: Power & Water | Original Stage: Budgetary | Forecast GM: 10.0% / 0.00 | Delivery: 2026-02-05 | Must Win: No | Quality: Gross value missing; Salesman missing
SS-26-0047,First Gas,I & C Electrical Feeding Works,New,Proposal,70,0.0,2026-01-01,Shady Moussa,Imran,0,,,2026-01-01,Open,Business Unit: Project | End User: Saudi Cement | Industry: Oil & Gas | Original Stage: Firm | Forecast GM: 0.0% / 0.00 | Delivery: 2026-02-05 | Must Win: Yes | Quality: Gross value missing; GM % missing
SS-26-0046,BASMA ELITE TRADING COMPANY,Quote-Request_BASMA ELITE TRADING COMPANY,Replacement,Qualification,90,400.0,2026-03-01,Abdelaziz Abdelsadek,Nishar,0,,,2026-03-01,Open,Business Unit: Trading | End User: BASMA ELITE TRADING COMPANY | Industry: Materials | Original Stage: Budgetary | Forecast GM: 50.0% / 200.00 | Delivery: 2026-02-04 | Must Win: Yes
SS-26-0045,petropan,MITSUBISHI ELECTRIC petropan,Replacement,Qualification,90,10000.0,2026-03-01,Abdelaziz Abdelsadek,Nishar,0,,,2026-03-01,Open,"Business Unit: Trading | End User: petropan | Industry: Materials | Original Stage: Budgetary | Forecast GM: 50.0% / 10,000.00 | Delivery: 2026-02-04 | Must Win: Yes | Quality: Source GM value differs materially from Gross × GM %"
SS-26-0044,ADWAN Marketing Co. Ltd.,Inquiries ADWAN Mitsubishi Electrical parts,Replacement,Qualification,90,10.0,2024-01-01,Abdelaziz Abdelsadek,Nishar,0,,,2024-01-01,Open,Business Unit: Trading | End User: ADWAN Marketing Co. Ltd. | Industry: Materials | Original Stage: Budgetary | Forecast GM: 50.0% / 20.00 | Delivery: 2026-02-04 | Must Win: Yes
SS-26-0043,MGATE,Quote-Request_MGATE- Al Maadan gate trading,Replacement,Qualification,90,10.0,2025-03-01,Abdelaziz Abdelsadek,Nishar,0,,,2025-03-01,Open,Business Unit: Trading | End User: MGATE- Al Maadan gate trading | Industry: Materials | Original Stage: Budgetary | Forecast GM: 50.0% / 10.00 | Delivery: 2026-02-04 | Must Win: Yes
SS-26-0041,GULF SUPPLIES TRADING COMPANY,Quote-Request_GULF SUPPLIES TRADING COMPANY,New,Qualification,90,2012.24,2026-03-01,Abdelaziz Abdelsadek,RANIA,0,,EURO,2026-03-01,Open,"Business Unit: Trading | End User: GULF SUPPLIES TRADING COMPANY | Industry: Materials | Original Stage: Budgetary | Forecast GM: 50.0% / 1,006.12 | Delivery: 2026-02-02 | Must Win: Yes"
SS-26-0040,Danah Real Estate,NEW UPS,New,Qualification,90,5000.0,2024-02-01,Abdelaziz Abdelsadek,Rania,0,,,2024-02-01,Open,"Business Unit: Trading | End User: Danah Real Estate | Industry: Materials | Original Stage: Budgetary | Forecast GM: 40.0% / 5,000.00 | Delivery: 2026-02-02 | Must Win: Yes | Quality: Source GM value differs materially from Gross × GM %"
SS-26-0042,iearabia,ION EXCHANGE ARABIA- Saudi Sensing,New,Qualification,90,0.0,2026-03-01,Basith Ahmed,Rania,0,,,2026-03-01,Open,Business Unit: Trading | End User: iearabia | Industry: Power & Water | Original Stage: Budgetary | Forecast GM: 0.0% / 0.00 | Delivery: 2026-03-31 | Must Win: Yes | Quality: Gross value missing; GM % missing
SS-26-0038,Gas Equipment Contract & Trading,Supply Volume Corrector,New,Qualification,70,40850.0,2024-04-01,Shady Moussa,Rania,0,,,2024-04-01,Open,"Business Unit: Trading | End User: Al Fanar | Industry: Oil & Gas | Original Stage: Budgetary | Forecast GM: 20.0% / 8,380.00 | Delivery: 2026-01-28 | Must Win: Yes"
SS-26-0037,martej,RFQ Wireless Inline Load Cell for Snubbing Oper,New,Qualification,90,15000.0,2026-03-01,Abdelaziz Abdelsadek,,0,,,2026-03-01,Open,"Business Unit: Trading | End User: martej | Industry: Oil & Gas | Original Stage: Budgetary | Forecast GM: 30.0% / 15,000.00 | Delivery: 2026-01-28 | Must Win: Yes | Quality: Source GM value differs materially from Gross × GM %; Assigned To missing"
SS-26-0036,ARAMCO,Supply of Rotameter - Variable Area Flowmeter,Replacement,Proposal,90,25000.0,2026-03-01,Mohammed Nishar,Mohammed Nishar,0,,,2026-03-01,Open,"Business Unit: Trading | End User: Aramco | Industry: Oil & Gas | Original Stage: Firm | Forecast GM: 25.0% / 6,250.00 | Delivery: 2026-01-28 | Must Win: Yes"
SS-26-0035,ARA,PR 333180093,Replacement,Qualification,90,800.0,2026-02-01,Abdelaziz Abdelsadek,Abdelaziz,0,,,2026-02-01,Open,Business Unit: Trading | End User: ARA | Industry: Materials | Original Stage: Budgetary | Forecast GM: 50.0% / 500.00 | Delivery: 2026-01-27 | Must Win: Yes
SS-26-0034,delta-globaltrading,URGENT ENQUIRY- PLC & Instrumentation - Price and Availabili,Replacement,Qualification,90,100.0,2026-02-01,Abdelaziz Abdelsadek,Rania,0,,,2026-02-01,Open,"Business Unit: Trading | End User: Alamak globaltrading | Industry: Materials | Original Stage: Budgetary | Forecast GM: 50.0% / 1,000.00 | Delivery: 2026-05-01 | Must Win: Yes | Quality: Source GM value differs materially from Gross × GM %"
SS-26-0033,Gulf Cryo,UPS & BATTERY _ERAM ELECTRONICS (APEC)-255915,New,Proposal,90,350000.0,2026-07-01,,Rania,0,,,2026-07-01,Open,"Business Unit: Trading | End User: Gulf Cryo | Industry: Oil & Gas | Original Stage: Firm | Forecast GM: 20.0% / 70,000.00 | Delivery: 2026-09-01 | Must Win: Yes | Quality: Salesman missing"
SS-26-0032,gulf cryo,supply and installation of diesel generator,New,Proposal,90,652450.0,2026-07-01,Mohammed Nishar,Rania,0,,,2026-07-01,Open,Business Unit: Project | End User: Gulf Cryo | Industry: Oil & Gas | Original Stage: Firm | Forecast GM: 0.0% / 0.00 | Delivery: 2026-09-01 | Must Win: Yes | Quality: GM % missing
SS-26-0031,Gas Equipment & Contracting Co.,Supply Quantometer,New,Qualification,70,0.0,2026-01-01,Shady Moussa,Rania,0,,,2026-01-01,Open,Business Unit: Trading | End User: TEKIN INDUSTRIES | Industry: Oil & Gas | Original Stage: Budgetary | Forecast GM: 25.0% / 0.00 | Delivery: 2026-01-26 | Must Win: Yes | Quality: Gross value missing
SS-26-0030,Gas Solutions Company,Supply Volume Converter,New,Qualification,70,35000.0,2026-04-01,Shady Moussa,Nishar,0,,,2026-04-01,Open,"Business Unit: Trading | End User: Gas Solutions Company | Industry: Oil & Gas | Original Stage: Budgetary | Forecast GM: 22.0% / 7,700.00 | Delivery: 2026-01-26 | Must Win: Yes"
SS-26-0029,WestRock Bahrin,Quote-Request_WestRock,Upgrade,Qualification,90,400.0,2026-02-01,Abdelaziz Abdelsadek,Abdelaziz,0,,,2026-02-01,Open,Business Unit: Trading | End User: WestRock | Industry: Materials | Original Stage: Budgetary | Forecast GM: 50.0% / 600.00 | Delivery: 2026-02-28 | Must Win: Yes | Quality: Source GM value differs materially from Gross × GM %
SS-26-0028,Masar Solution for Building Material Trading Est.,Supply Gas Regulator,New,Proposal,70,5105.0,2026-05-01,Shady Moussa,Rania,0,,,2026-05-01,Open,"Business Unit: Trading | End User: Crown Paper Mill | Industry: Oil & Gas | Original Stage: Firm | Forecast GM: 20.0% / 3,782.00 | Delivery: 2026-09-10 | Must Win: Yes | Quality: Source GM value differs materially from Gross × GM %"
SS-26-0027,Jeem Al Arabia,,Replacement,Qualification,90,1500.0,2026-02-01,Abdelaziz Abdelsadek,Rania,0,,,2026-02-01,Open,"Business Unit: Trading | Industry: Materials | Original Stage: Budgetary | Forecast GM: 50.0% / 1,500.00 | Delivery: 2026-01-25 | Must Win: Yes | Quality: Deal Name missing; Source GM value differs materially from Gross × GM %"
SS-26-0026,Yasserf,"KOG250363 - RFQ for Assembly, Integration and Testing",New,Proposal,90,78747.0,2026-07-01,,Rania,0,,,2026-07-01,Open,"Business Unit: Service | End User: Yasserf | Industry: Petrochemical | Original Stage: Firm | Forecast GM: 35.0% / 25,000.00 | Delivery: 2026-01-22 | Must Win: Yes | Quality: Customer Name missing; Account inferred from End User; Source GM value differs materially from Gross × GM %; Salesman missing"
SS-26-0025,SWA,Supply and installation 226 vibration Sensors,New,Lost,70,1356000.0,2026-07-01,Shady Moussa,Rania,0,,,2026-07-01,Lost,"Business Unit: Trading | End User: SWA | Industry: Oil & Gas | Original Stage: Canceled | Forecast GM: 20.0% / 360,000.00 | Delivery: 2026-02-04 | Must Win: Yes | Quality: Source GM value differs materially from Gross × GM %"
SS-26-0024,ASTERA GROUP,ASTEREA TECHNICAL SERVICES,New,Qualification,90,8000.0,2026-02-01,Abdelaziz Abdelsadek,ABDELAZIZ,0,,,2026-02-01,Open,"Business Unit: Trading | End User: ASTERA GROUP | Industry: Materials | Original Stage: Budgetary | Forecast GM: 30.0% / 2,000.00 | Delivery: 2026-02-28 | Must Win: Yes | Quality: Source GM value differs materially from Gross × GM %"
SS-26-0023,actssaudi,6600011435-oil indicator.,New,Qualification,90,0.0,2026-02-01,Basith Ahmed,Hussain Al Haydar,0,,,2026-02-01,Open,Business Unit: Trading | End User: actssaudi | Industry: Oil & Gas | Original Stage: Budgetary | Forecast GM: 22.0% / 0.00 | Delivery: 2026-03-31 | Must Win: Yes | Quality: Gross value missing
SS-26-0022,Alazzaz trading & cantracting CO.,Supply of Resistance Temperature Detector,New,Qualification,90,0.0,2026-02-01,Basith Ahmed,Hussain Al Haydar,0,,,2026-02-01,Open,Business Unit: Trading | End User: Alazzaz trading & cantracting CO. | Industry: Materials | Original Stage: Budgetary | Forecast GM: 22.0% / 0.00 | Delivery: 2026-03-31 | Must Win: Yes | Quality: Gross value missing
SS-26-0021,IMI,Supply of Petrol Instruments PD Meter,New,Proposal,90,1000000.0,2026-01-01,Mohammed Nishar,Mohammed Nishar,0,,,2026-01-01,Open,"Business Unit: Trading | End User: ARO Drilling | Industry: Oil & Gas | Original Stage: Firm | Forecast GM: 25.0% / 150,000.00 | Delivery: 2026-10-31 | Must Win: Yes | Quality: Source GM value differs materially from Gross × GM %"
SS-26-0020,HADEED ALRAJHI STEEL,Supply of E&H Level Sensor,Replacement,Proposal,90,30000.0,2026-02-01,Mohammed Nishar,Mohammed Nishar,0,,,2026-02-01,Open,"Business Unit: Trading | End User: HADEED ALRAHJI STEEL | Industry: Oil & Gas | Original Stage: Firm | Forecast GM: 25.0% / 7,500.00 | Delivery: 2026-04-30 | Must Win: Yes"
SS-26-0019,Yansab,"replacement of ph,clorine,oil&and grease analyzer",Replacement,Qualification,70,450000.0,2024-08-01,,Rania,0,,,2024-08-01,Open,"Business Unit: Project | End User: Sabic-Yansab | Industry: Petrochemical | Original Stage: Budgetary | Forecast GM: 15.0% / 60,000.00 | Delivery: 2026-12-30 | Must Win: Yes | Quality: Source GM value differs materially from Gross × GM %; Salesman missing"
SS-26-0018,Aramco,Aramco_4203236231_ANALYZER; OXYGEN EMISSION MONITER.,New,Proposal,90,500000.0,2026-04-01,Mohammed Nishar,Mohammed Nishar,0,,,2026-04-01,Open,Business Unit: Project | End User: Aramco | Industry: Oil & Gas | Original Stage: Firm | Forecast GM: 0.0% / 0.00 | Delivery: 2026-09-30 | Must Win: Yes | Quality: GM % missing
SS-26-0017,INFINITY WORK TRADING COMPANY,Supply of pressure gauge,New,Qualification,90,0.0,2026-03-01,Basith Ahmed,Hussain Al Haydar,0,,,2026-03-01,Open,Business Unit: Trading | End User: INFINITY WORK TRADING COMPANY | Industry: Oil & Gas | Original Stage: Budgetary | Forecast GM: 22.0% / 0.00 | Delivery: 2026-03-31 | Must Win: Yes | Quality: Gross value missing
SS-26-0016,Petrojet,Supply of Electromagnetic Flow Meter,New,Proposal,90,110000.0,2026-04-01,Mohammed Nishar,Mohammed Nishar,0,,,2026-04-01,Open,"Business Unit: Trading | End User: NEOM | Industry: Oil & Gas | Original Stage: Firm | Forecast GM: 25.0% / 27,500.00 | Delivery: 2026-07-31 | Must Win: Yes"
SS-26-0015,INFINITY WORK TRADING COMPANY,Supply of pressure gauge,New,Qualification,70,0.0,2026-02-01,Basith Ahmed,Hussain Al Haydar,0,,,2026-02-01,Open,Business Unit: Trading | End User: INFINITY WORK TRADING COMPANY | Industry: Oil & Gas | Original Stage: Budgetary | Forecast GM: 22.0% / 0.00 | Delivery: 2026-01-15 | Must Win: Yes | Quality: Gross value missing
SS-26-0014,Aramco,Supply of Krohne Variable Area Flowmeter,Replacement,Proposal,90,0.0,2026-04-01,Mohammed Nishar,Mohammed Nishar,0,,,2026-04-01,Open,Business Unit: Trading | End User: Aramco | Industry: Oil & Gas | Original Stage: Firm | Forecast GM: 25.0% / 0.00 | Delivery: 2026-08-31 | Must Win: Yes | Quality: Gross value missing
SS-26-0013,Aramco,Supply of Flaregas Flow Meter,New,Qualification,90,1000000.0,2026-06-01,Mohammed Nishar,Mohammed Nishar,0,,,2026-06-01,Open,"Business Unit: Trading | End User: Aramco | Industry: Oil & Gas | Original Stage: Budgetary | Forecast GM: 25.0% / 500,000.00 | Delivery: 2026-08-30 | Must Win: No | Quality: Source GM value differs materially from Gross × GM %"
SS-26-0012,Aramco,Supply of Flare gas Flow Meter,New,Proposal,90,250000.0,2026-03-01,Mohammed Nishar,Mohammed Nishar,0,,,2026-03-01,Open,"Business Unit: Trading | End User: Aramco | Industry: Oil & Gas | Original Stage: Firm | Forecast GM: 25.0% / 62,500.00 | Delivery: 2026-10-31 | Must Win: No"
SS-26-0011,Jubail O & M Limited Co.,Service of cleaning of flow meters,New,Qualification,70,250000.0,2026-04-01,Shady Moussa,Imran,0,,,2026-04-01,Open,"Business Unit: Trading | End User: Marafiq IWPP | Industry: Oil & Gas | Original Stage: Budgetary | Forecast GM: 20.0% / 67,000.00 | Delivery: 2026-01-13 | Must Win: Yes | Quality: Source GM value differs materially from Gross × GM %"
SS-26-0010,Saudi Development Company LTD,Supply PT & TT,New,Proposal,70,30000.0,2026-04-01,Shady Moussa,Imran,0,,,2026-04-01,Open,"Business Unit: Trading | End User: Saudi Development Company LTD | Industry: Oil & Gas | Original Stage: Firm | Forecast GM: 20.0% / 8,000.00 | Delivery: 2026-01-12 | Must Win: Yes | Quality: Source GM value differs materially from Gross × GM %"
SS-26-0009,Subway Networks,Supply of Krohne IFC Converter,Replacement,Qualification,90,9000.0,2026-03-01,Mohammed Nishar,Mohammed Nishar,0,,,2026-03-01,Open,"Business Unit: Trading | End User: SABIC | Industry: Petrochemical | Original Stage: Budgetary | Forecast GM: 25.0% / 2,250.00 | Delivery: 2026-01-12 | Must Win: Yes"
SS-26-0008,Subway Networks,Supply of Variable Area flowmeter,Replacement,Qualification,90,0.0,2026-03-01,Mohammed Nishar,Mohamed Nishar,0,,,2026-03-01,Open,"Business Unit: Trading | End User: SABIC | Industry: Petrochemical | Original Stage: Budgetary | Forecast GM: 25.0% / 18,750.00 | Delivery: 2026-01-12 | Must Win: Yes | Quality: Gross value missing"
SS-26-0007,Subway Electricals,Supply of Electromagnetic Flowmeter,New,Qualification,90,220000.0,2026-04-01,Mohammed Nishar,Mohamed Nishar,0,,Supply of Electromagnetic Flowmeter,2026-04-01,Open,"Business Unit: Trading | End User: NWC | Industry: Oil & Gas | Original Stage: Budgetary | Forecast GM: 25.0% / 110,000.00 | Delivery: 2026-01-12 | Must Win: Yes | Quality: Source GM value differs materially from Gross × GM %"
SS-26-0006,Jubail O & M Limited Co.,"Validaton/Verificaton of Flow Computer, Flowmeter, PT and",New,Qualification,70,56700.0,2026-08-01,Shady Moussa,Imran,0,,,2026-08-01,Open,"Business Unit: Trading | End User: Marafiq IWPP | Industry: Oil & Gas | Original Stage: Budgetary | Forecast GM: 20.0% / 56,700.00 | Delivery: 2026-08-20 | Must Win: Yes | Quality: Source GM value differs materially from Gross × GM %"
SS-26-0005,TANAJIB Operation and Maintenance Company (TOMCO),Validation & Verification GC Encal 3000,New,Qualification,70,40875.0,2026-02-01,Shady Moussa,Syed Imran,0,,,2026-02-01,Open,"Business Unit: Trading | End User: Aramco - Tanajib | Industry: Oil & Gas | Original Stage: Budgetary | Forecast GM: 20.0% / 11,000.00 | Delivery: 2026-01-08 | Must Win: Yes | Quality: Source GM value differs materially from Gross × GM %"
SS-26-0004,Fadhili O&M Company,VERIFICATION DANIEL ULTRASONIC FLOWMETER,New,Proposal,70,10532.94,2026-01-01,Basith Ahmed,Hussain Al Haydar,0,,,2026-01-01,Open,"Business Unit: Trading | End User: Fadhili O&M Company | Industry: Oil & Gas | Original Stage: Firm | Forecast GM: 22.0% / 2,014.65 | Delivery: 2026-01-08 | Must Win: Yes | Quality: Customer Name missing; Account inferred from End User; Source GM value differs materially from Gross × GM %"
SS-26-0002,CHEMAOIL,CHEMAOIL,Replacement,Qualification,70,10000.0,2026-04-01,Abdelaziz Abdelsadek,Abdelaziz,0,,,2026-04-01,Open,"Business Unit: Trading | End User: CHEMAOIL | Industry: Materials | Original Stage: Budgetary | Forecast GM: 15.0% / 10,000.00 | Delivery: 2026-04-15 | Must Win: Yes | Quality: Source GM value differs materially from Gross × GM %"
SS-26-0003,Advanced Petrochemical,Calibration of Daniel Turbine FM,Replacement,Proposal,70,4127.5,2026-01-01,Basith Ahmed,Hussain,0,,,2026-01-01,Open,Business Unit: Trading | End User: Adavanced Petrochemical | Industry: Oil & Gas | Original Stage: Firm | Forecast GM: 20.0% / 220.00 | Delivery: 2026-02-28 | Must Win: Yes | Quality: Source GM value differs materially from Gross × GM %
SS-26-0001,Gas Equipment and Contracting,Supply Quantometer & USM,New,Qualification,70,320000.0,2026-10-01,Shady Moussa,Imran,0,,,2026-10-01,Open,"Business Unit: Trading | End User: Gas Equipment and Contracting | Industry: Oil & Gas | Original Stage: Budgetary | Forecast GM: 22.0% / 69,093.00 | Delivery: 2026-11-14 | Must Win: Yes"
SS-25-0239,Hadeed,Supply of Electromagnetic Flow Meter,New,Proposal,90,120000.0,2026-01-01,Mohammed Nishar,Mohamed Nishar,0,,,2026-01-01,Open,"Business Unit: Trading | End User: HADEED | Industry: Oil & Gas | Original Stage: Firm | Forecast GM: 20.0% / 24,000.00 | Delivery: 2025-12-29 | Must Win: Yes"
SS-25-0238,Aramco,"Supply of CUSTODY FLOW COMPUTER, LIQUID, PANEL-MNT.",New,Proposal,90,70000.0,2026-01-01,Mohammed Nishar,Mohammed Nishar,0,,,2026-01-01,Open,"Business Unit: Trading | End User: Aramco Jazan Refinery | Industry: Oil & Gas | Original Stage: Firm | Forecast GM: 15.0% / 39,375.00 | Delivery: 2025-04-30 | Must Win: Yes | Quality: Source GM value differs materially from Gross × GM %"
SS-25-0237,YASREF,Supply of Daniel Sphere Switch Detector,New,Qualification,90,10000.0,2026-01-01,Mohammed Nishar,Mohammed Nishar,0,,RFQ received today and sent it to Daniel Measurement.,2026-01-01,Open,"Business Unit: Trading | End User: YASREF | Industry: Oil & Gas | Original Stage: Budgetary | Forecast GM: 20.0% / 2,000.00 | Delivery: 2025-12-29 | Must Win: Yes"
SS-25-0236,Zamil offshore,LB8 192000 SIEMENS Spares,New,Awarded,70,6657.68,2026-01-01,Shady Moussa,Rania,0,,,2026-01-01,Won,"Business Unit: Trading | End User: Zamil offshore | Industry: Oil & Gas | Original Stage: Won | Forecast GM: 35.0% / 2,330.19 | Delivery: 2025-12-29 | Must Win: Yes"
SS-25-0235,GULF CRYO,RFQ FOR HVAC DDC Panel -255915 | GULF CRYO | EPCM work for,New,Qualification,90,310000.0,2026-01-01,Mohammed Nishar,Mohammed Nishar,0,,RFQ Received from SEGI on 11 DEC and offer received from Egypt Supplier on 24th Dec.,2026-01-01,Open,"Business Unit: Trading | End User: Gulf Cryo | Industry: Oil & Gas | Original Stage: Budgetary | Forecast GM: 30.0% / 70,500.00 | Delivery: 2025-12-24 | Must Win: Yes | Quality: Source GM value differs materially from Gross × GM %"
SS-25-0234,ENG Mohamed Abaza,water leak detiction,New,Proposal,90,50000.0,2026-01-01,Abdelaziz Abdelsadek,Eng Nishar,0,,,2026-01-01,Open,"Business Unit: Trading | End User: o.r.g technology factory | Industry: Power & Water | Original Stage: Firm | Forecast GM: 25.0% / 25,000.00 | Delivery: 2025-12-24 | Must Win: Yes | Quality: Source GM value differs materially from Gross × GM %"
SS-25-0233,Aramco,Supply of Honeywell Gas Detector,New,Proposal,90,0.0,2026-03-01,Mohammed Nishar,Mohammed Nishar,0,,Received the Rfq from Measuring Unit and sent the RFQ to honeywell,2026-03-01,Open,"Business Unit: Trading | End User: Aramco | Industry: Oil & Gas | Original Stage: Firm | Forecast GM: 20.0% / 50,000.00 | Delivery: 2025-12-22 | Must Win: Yes | Quality: Customer Name missing; Account inferred from End User; Gross value missing"
SS-25-0232,مهندس نواف,plc zamil cranes,New,Proposal,90,30000.0,2026-02-01,Abdelaziz Abdelsadek,andelaziz,0,,,2026-02-01,Open,"Business Unit: Trading | End User: zamil cranes | Industry: Oil & Gas | Original Stage: Firm | Forecast GM: 25.0% / 30,000.00 | Delivery: 2025-12-22 | Must Win: Yes | Quality: Source GM value differs materially from Gross × GM %"
SS-25-0231,maaden,maaden elester,Replacement,Qualification,90,1000.0,2026-03-01,Abdelaziz Abdelsadek,Mr Shady Mousa,0,,ملاحظة يا شادي : اظن مهندس نيشار عامل opportionity pipe line نفسها قبلي,2026-03-01,Open,"Business Unit: Trading | End User: maaden | Industry: Materials | Original Stage: Budgetary | Forecast GM: 20.0% / 1,000.00 | Delivery: 2026-03-15 | Must Win: Yes | Quality: Source GM value differs materially from Gross × GM %"
SS-25-0230,SIPCHEM,Supply of Electromagnetic FlowMeter,New,Proposal,90,280000.0,2026-03-01,Mohammed Nishar,Mohammed Nishar,0,,RFQ received from Sipchem and floated to OEM Krohne,2026-03-01,Open,"Business Unit: Trading | End User: Sipchem | Industry: Oil & Gas | Original Stage: Firm | Forecast GM: 20.0% / 56,000.00 | Delivery: 2026-10-28 | Must Win: Yes"
SS-25-0229,Maaden,Supply of Honeywell Elster Quantometer,New,Proposal,90,0.0,2024-01-01,Shady Moussa,Mohammed Nishar,0,,"Rfq Received From Maaden today, RFQ floated to Honyewell by Shady",2024-01-01,Open,"Business Unit: Trading | End User: Maaden | Industry: Oil & Gas | Original Stage: Firm | Forecast GM: 25000.0% / 2,750.00 | Delivery: 2025-12-14 | Must Win: Yes | Quality: Gross value missing"
SS-25-0228,HADEED - AL RAJHI STEEL,Supply of Brooks Instruments Flow Sensor,New,Qualification,90,15000.0,2026-02-01,Mohammed Nishar,Mohammed Nishar,0,,RFQ received from Hadeed and sent the RFQ to Brooks Instruments,2026-02-01,Open,"Business Unit: Trading | End User: Hadeed | Industry: Oil & Gas | Original Stage: Budgetary | Forecast GM: 20.0% / 7,000.00 | Delivery: 2025-12-14 | Must Win: Yes | Quality: Source GM value differs materially from Gross × GM %"
SS-25-0227,Global pipe,Global Pipe,Upgrade,Proposal,90,32000.0,2026-02-01,Abdelaziz Abdelsadek,MR : Shady Mousa,0,,,2026-02-01,Open,"Business Unit: Trading | End User: Global pipe | Industry: Oil & Gas | Original Stage: Firm | Forecast GM: 30.0% / 1,000.00 | Delivery: 2026-03-10 | Must Win: Yes | Quality: Customer Name missing; Account inferred from End User; Source GM value differs materially from Gross × GM %"
SS-25-0226,Aramco,Supply of Electromagnetic Flowmeter,New,Proposal,90,70000.0,2026-02-01,Mohammed Nishar,Mohammed Nishar,0,,Enquiry received and sent it to Supplier Krohne and E&H,2026-02-01,Open,"Business Unit: Trading | End User: Aramco | Industry: Oil & Gas | Original Stage: Firm | Forecast GM: 20.0% / 28,000.00 | Delivery: 2025-12-10 | Must Win: Yes | Quality: Source GM value differs materially from Gross × GM %"
SS-25-0225,ARAMCO,Supply of Ultrasonic Clamp -on flow meter,New,Proposal,90,150000.0,2024-01-01,Mohammed Nishar,Mohammed Nishar,0,,Supply of Ultrasonic Clamp -on flow meter,2024-01-01,Open,"Business Unit: Trading | End User: ARAMCO | Industry: Oil & Gas | Original Stage: Firm | Forecast GM: 25.0% / 37,500.00 | Delivery: 2026-03-31 | Must Win: Yes"
SS-25-0224,Yasref,Supply of Daniel FM Spares,New,Proposal,90,0.0,2026-03-01,Mohammed Nishar,Mohamed Nishar,0,,,2026-03-01,Open,Business Unit: Trading | End User: Yasref | Industry: Oil & Gas | Original Stage: Firm | Forecast GM: 20.0% / 0.00 | Delivery: 2025-12-07 | Must Win: Yes | Quality: Gross value missing
SS-25-0223,AMINAT,Electricity-Energy Management System,New,Qualification,70,350000.0,2026-04-01,Abdelaziz Abdelsadek,abdelaziz,0,,,2026-04-01,Open,Business Unit: Trading | End User: شركة الامينات العربية | Industry: Materials | Original Stage: Budgetary | Forecast GM: 10.0% / 10.00 | Delivery: 2026-04-15 | Must Win: Yes | Quality: Source GM value differs materially from Gross × GM %
SS-25-0222,Midal Cables,Supply of Thermocouples with Indicator,New,Qualification,90,0.0,2026-01-01,Mohammed Nishar,Mohammed Nishar,0,,Supply of Thermocouples with Indicator,2026-01-01,Open,"Business Unit: Trading | End User: Midal Cables | Industry: Oil & Gas | Original Stage: Budgetary | Forecast GM: 25.0% / 7,500.00 | Delivery: 2025-12-02 | Must Win: Yes | Quality: Gross value missing"
SS-25-0221,Aramco,Supply of Krohne Ultrasonic Flow Meter,New,Proposal,90,100000.0,2026-02-01,Mohammed Nishar,Mohamed Nishar,0,,Supply of Krohne Ultrasonic Flow Meter,2026-02-01,Open,"Business Unit: Trading | End User: Aramco | Industry: Oil & Gas | Original Stage: Firm | Forecast GM: 20.0% / 20,000.00 | Delivery: 2025-11-26 | Must Win: Yes"
SS-25-0220,ARAMCO,"Supply, Installation of BTU Analyzer Replacement at KGP",New,Qualification,90,1000000.0,2026-01-01,Mohammed Nishar,Mohamed Nishar,0,,,2026-01-01,Open,"Business Unit: Trading | End User: Aramco | Industry: Oil & Gas | Original Stage: Budgetary | Forecast GM: 10.0% / 100,000.00 | Delivery: 2026-12-31 | Must Win: Yes"
SS-25-0219,ARAMCO,Supply of ABB Spares and Installation,New,Proposal,90,15000.0,2024-01-01,Mohammed Nishar,Mohamed Nishar,0,,,2024-01-01,Open,"Business Unit: Trading | End User: Aramco | Industry: Oil & Gas | Original Stage: Firm | Forecast GM: 25.0% / 7,500.00 | Delivery: 2025-11-24 | Must Win: Yes | Quality: Source GM value differs materially from Gross × GM %"
SS-25-0218,First Gas,Pressure Reducing Metering System,New,Qualification,70,10000000.0,2026-08-01,Shady Moussa,Rania,0,,,2026-08-01,Open,"Business Unit: Trading | End User: MOHAMED SAEED GLASS FACTORY | Industry: Oil & Gas | Original Stage: Budgetary | Forecast GM: 15.0% / 100,000.00 | Delivery: 2025-11-23 | Must Win: Yes | Quality: Source GM value differs materially from Gross × GM %"
SS-25-0217,Haif,"PLC,SCADA,RTU & INTEGRATION SYSTEM FOR KSP-MANFOUHA-BADIAH",New,Proposal,70,0.0,2026-01-01,Mohammed Nishar,Rania,0,,,2026-01-01,Open,Business Unit: Trading | End User: RCC | Industry: Oil & Gas | Original Stage: Firm | Forecast GM: 15.0% / 0.00 | Delivery: 2025-11-23 | Must Win: Yes | Quality: Gross value missing
SS-25-0216,Alazzaz Trading & Contracting Co.,Supply DPT,New,Lost,70,0.0,2026-03-01,Shady Moussa,Nishar,0,,,2026-03-01,Lost,Business Unit: Trading | End User: Aramco | Industry: Oil & Gas | Original Stage: Lost | Forecast GM: 25.0% / 0.00 | Delivery: 2025-11-22 | Must Win: Yes | Quality: Gross value missing
SS-25-0215,Mark Technologies Company,SUPPLY OF TRANSMITTER,New,Lost,70,0.0,2026-04-01,Shady Moussa,Nishar,0,,,2026-04-01,Lost,Business Unit: Trading | End User: Kuwait Oil Co (K.S.C) | Industry: Oil & Gas | Original Stage: Canceled | Forecast GM: 25.0% / 0.00 | Delivery: 2025-11-22 | Must Win: Yes | Quality: Gross value missing
SS-25-0214,Mark Technologies Company,SUPPLY OF CONTROL VALVE & ULTRASONIC FLOWMETER,New,Lost,70,0.0,2026-04-01,Shady Moussa,Nishar,0,,,2026-04-01,Lost,Business Unit: Trading | End User: Kuwait Oil Co (K.S.C) | Industry: Oil & Gas | Original Stage: Canceled | Forecast GM: 25.0% / 0.00 | Delivery: 2025-11-22 | Must Win: Yes | Quality: Gross value missing
SS-25-0213,Aramco,Supply of Variable Area Flowmter,New,Qualification,90,0.0,2026-01-01,Mohammed Nishar,Mohamed Nishar,0,,,2026-01-01,Open,Business Unit: Trading | End User: Aramco | Industry: Oil & Gas | Original Stage: Budgetary | Forecast GM: 0.0% / 0.00 | Delivery: 2025-11-18 | Must Win: Yes | Quality: Customer Name missing; Account inferred from End User; Gross value missing; GM % missing
SS-25-0212,Aramco,Supply of Electromagnetic Flow Meter,New,Proposal,90,25000.0,2026-02-01,Mohammed Nishar,Mohamed Nishar,0,,,2026-02-01,Open,"Business Unit: Trading | End User: Aramco | Industry: Oil & Gas | Original Stage: Firm | Forecast GM: 15.0% / 3,750.00 | Delivery: 2025-11-18 | Must Win: Yes | Quality: Customer Name missing; Account inferred from End User"
SS-25-0211,KJO,Upgradation of Server & Software of AGOC Gas metering Skid,New,Proposal,90,378967.0,2026-01-01,Basith Ahmed,Mohammed Nishar,0,,,2026-01-01,Open,"Business Unit: Trading | End User: KJO | Industry: Oil & Gas | Original Stage: Firm | Forecast GM: 10.0% / 49,428.00 | Delivery: 2025-11-18 | Must Win: Yes | Quality: Source GM value differs materially from Gross × GM %"
SS-25-0210,Almeer,Supply BS&W Analyzer,New,Lost,70,0.0,2026-02-01,Shady Moussa,Nishar,0,,,2026-02-01,Lost,Business Unit: Trading | End User: Aramco | Industry: Oil & Gas | Original Stage: Canceled | Forecast GM: 0.0% / 0.00 | Delivery: 2025-11-18 | Must Win: Yes | Quality: Gross value missing; GM % missing
SS-25-0209,Activities for Electromechanical Works,Supply of E&H Conductivity Sensor,New,Proposal,90,10000.0,2026-01-01,Mohammed Nishar,Mohamed Nishar,0,,,2026-01-01,Open,"Business Unit: Trading | End User: MASA | Industry: Oil & Gas | Original Stage: Firm | Forecast GM: 25.0% / 5,000.00 | Delivery: 2025-11-16 | Must Win: Yes | Quality: Source GM value differs materially from Gross × GM %"
SS-25-0208,Aramco,Supply of Aramco Ultrasonic Flow Meter,New,Proposal,90,0.0,2026-03-01,Mohammed Nishar,Mohamed Nishar,0,,Received RFQ from Aramco and floated to Krohne for offer.,2026-03-01,Open,"Business Unit: Trading | End User: Aramco | Industry: Oil & Gas | Original Stage: Firm | Forecast GM: 10.0% / 200,000.00 | Delivery: 2025-11-11 | Must Win: Yes | Quality: Gross value missing"
SS-25-0207,Aramco,Supply gas regulator,New,Lost,70,65000.0,2026-04-01,Shady Moussa,Nishar,0,,,2026-04-01,Lost,Business Unit: Trading | End User: Aramco | Industry: Oil & Gas | Original Stage: Canceled | Forecast GM: 0.0% / 0.00 | Delivery: 2025-11-10 | Must Win: Yes | Quality: GM % missing
SS-25-0206,National Gas,Supervisory system & Gas Detector,New,Lost,70,0.0,2026-07-01,Shady Moussa,Nishar,0,,,2026-07-01,Lost,Business Unit: Trading | End User: Natural Gas Distribution Company | Industry: Oil & Gas | Original Stage: Canceled | Forecast GM: 0.0% / 0.00 | Delivery: 2025-11-10 | Must Win: Yes | Quality: Gross value missing; GM % missing
SS-25-0205,Almeer,Installation & commissioning GC 700 spare parts,New,Lost,70,0.0,2026-01-01,Shady Moussa,Nishar,0,,,2026-01-01,Lost,Business Unit: Trading | End User: Aramco - Abqaiq | Industry: Oil & Gas | Original Stage: Canceled | Forecast GM: 0.0% / 0.00 | Delivery: 2025-11-10 | Must Win: Yes | Quality: Gross value missing; GM % missing
SS-25-0204,Rawabi Specialized Company,UPGRADES FOR SEA WATER COOLING NETWORK-RFQ-VALVE ACTUATORS,New,Qualification,90,1450448.77,2025-01-01,Mohammed Nishar,Mohamed Nishar,0,,Budgetary RFQ received and quote submitted,2025-01-01,Open,"Business Unit: Trading | End User: Royal Commission | Industry: Oil & Gas | Original Stage: Budgetary | Forecast GM: 25.0% / 376,042.00 | Delivery: 2025-11-10 | Must Win: No"
SS-25-0203,HADEED,VEGA LEVEL TRANSMITTER,New,Proposal,90,75000.0,2026-01-01,Mohammed Nishar,Mohamed Nishar,0,,Enquiry received from Hadeed for VEGA LEVEL TRANSMITTER,2026-01-01,Open,"Business Unit: Trading | End User: HADEED | Industry: Oil & Gas | Original Stage: Firm | Forecast GM: 25.0% / 18,750.00 | Delivery: 2025-11-09 | Must Win: Yes"
SS-25-0202,Aramco,Supply of Oxygen Analyzer with Sampling systems,New,Proposal,90,1800000.0,2026-02-01,Mohammed Nishar,Mohamed Nishar,0,,Enquiry received and forwarded to IEP Qatar,2026-02-01,Open,"Business Unit: Trading | End User: Aramco | Industry: Oil & Gas | Original Stage: Firm | Forecast GM: 25.0% / 360,000.00 | Delivery: 2025-11-09 | Must Win: Yes | Quality: Source GM value differs materially from Gross × GM %"
SS-25-0201,National Gas,Supply LPG flowmeters,New,Proposal,70,0.0,2026-02-01,Shady Moussa,Nishar,0,,,2026-02-01,Open,Business Unit: Trading | End User: National Gas | Industry: Oil & Gas | Original Stage: Firm | Forecast GM: 0.0% / 0.00 | Delivery: 2025-11-06 | Must Win: Yes | Quality: Gross value missing; GM % missing
SS-25-0200,First Gas,Fire Fighting and Cooling System,New,Lost,70,50000.0,2025-12-01,Shady Moussa,Nishar,0,,,2025-12-01,Lost,"Business Unit: Trading | End User: Farm Frights | Industry: Oil & Gas | Original Stage: Lost | Forecast GM: 20.0% / 10,000.00 | Delivery: 2025-11-06 | Must Win: Yes"
SS-25-0199,Aramco,Supply USM,New,Qualification,70,980000.0,2026-07-01,Shady Moussa,Nishar,0,,,2026-07-01,Open,"Business Unit: Trading | End User: Aramco- PP11 | Industry: Oil & Gas | Original Stage: Budgetary | Forecast GM: 20.0% / 196,000.00 | Delivery: 2025-11-04 | Must Win: Yes"
SS-25-0198,First Gas,supply Gas Regulators,New,Lost,70,248000.0,2025-12-01,Shady Moussa,Nishar,0,,,2025-12-01,Lost,"Business Unit: Trading | End User: Farm Frites | Industry: Oil & Gas | Original Stage: Lost | Forecast GM: 20.0% / 49,600.00 | Delivery: 2025-11-02 | Must Win: Yes"
SS-25-0197,Modern Egyptian Natural Gas Company,Supply gas regulators,New,Lost,70,149803.0,2025-02-01,Shady Moussa,Nishar,0,,,2025-02-01,Lost,"Business Unit: Trading | End User: Modern Egyptian Natural Gas Company | Industry: Oil & Gas | Original Stage: Lost | Forecast GM: 20.0% / 29,960.60 | Delivery: 2025-11-02 | Must Win: Yes"
SS-25-0196,SEC,Troubleshooting control system of filtration,New,Qualification,70,20000.0,2026-05-01,Shady Moussa,Rania,0,,,2026-05-01,Open,"Business Unit: Project | End User: SEC - Qurayyat | Industry: Oil & Gas | Original Stage: Budgetary | Forecast GM: 35.0% / 7,000.00 | Delivery: 2025-11-02 | Must Win: Yes"
SS-25-0195,ZOMCO,Upgrade SVCs & PLC & RTU,New,Lost,70,1500000.0,2026-02-01,Shady Moussa,Nishar,0,,,2026-02-01,Lost,"Business Unit: Trading | End User: SEC PP11 & QIPP | Industry: Oil & Gas | Original Stage: Lost | Forecast GM: 20.0% / 300,000.00 | Delivery: 2025-11-02 | Must Win: Yes"
SS-25-0194,First Gas,"Supply , install ,Commissioning for fire and Gas detector",New,Lost,70,0.0,2026-01-01,Shady Moussa,Rania,0,,,2026-01-01,Lost,Business Unit: Project | End User: Saudi Cement | Industry: Oil & Gas | Original Stage: Canceled | Forecast GM: 20.0% / 0.00 | Delivery: 2025-11-02 | Must Win: Yes | Quality: Gross value missing
SS-25-0193,Rawabi Contracting Specialized,supply installation for water analysers system for Contract,New,Qualification,40,3120693.75,2026-07-01,Mohammed Nishar,Mohamed Nishar,0,,supply installation for water analysers system for ontract No. 128-C01R project for Royal commission,2026-07-01,Open,"Business Unit: Trading | End User: Royal Commission | Industry: Power & Water | Original Stage: Budgetary | Forecast GM: 25.0% / 624,138.00 | Delivery: 2026-10-31 | Must Win: Yes | Quality: Source GM value differs materially from Gross × GM %"
SS-25-0192,MAADEN,Supply and installation of HF FENCE ANALYZER,New,Qualification,90,1000000.0,2026-01-01,Mohammed Nishar,Mohamed Nishar,0,,"SOW received and site visit conducted, details gathered, waiting for official RFQ.",2026-01-01,Open,"Business Unit: Trading | End User: MAADEN | Industry: Oil & Gas | Original Stage: Budgetary | Forecast GM: 15.0% / 200,000.00 | Delivery: 2026-04-22 | Must Win: Yes | Quality: Source GM value differs materially from Gross × GM %"
SS-25-0191,INMA Kingkom Trading,Supply of Vega Level Transmitter,New,Proposal,90,10000.0,2024-01-01,Mohammed Nishar,MOHAMED NISHAR,0,,Supply of Vega Level Transmitter,2024-01-01,Open,"Business Unit: Trading | End User: INMA Kingkom Trading | Industry: Oil & Gas | Original Stage: Firm | Forecast GM: 25.0% / 2,000.00 | Delivery: 2025-10-29 | Must Win: Yes | Quality: Source GM value differs materially from Gross × GM %"
SS-25-0190,National gas,Supply flowmeters,New,Lost,70,121000.0,2026-02-01,Shady Moussa,Nishar,0,,,2026-02-01,Lost,"Business Unit: Trading | End User: Bahra Cables | Industry: Oil & Gas | Original Stage: Canceled | Forecast GM: 25.0% / 30,250.00 | Delivery: 2025-10-27 | Must Win: Yes"
SS-25-0189,SEC,Upgrade USM spare parts,New,Lost,90,256750.0,2026-01-01,Shady Moussa,Nishar,0,,,2026-01-01,Lost,"Business Unit: Trading | End User: SEC PP11 | Industry: Oil & Gas | Original Stage: Lost | Forecast GM: 20.0% / 51,350.00 | Delivery: 2025-10-27 | Must Win: Yes"
SS-25-0188,First Gas,Pressure Reducing Metering Stations,New,On Hold,70,11250000.0,2026-07-01,Shady Moussa,Rania,0,,Basith + Shady,2026-07-01,On Hold,"Business Unit: Project | End User: Riyadha Cement | Industry: Oil & Gas | Original Stage: On-Hold | Forecast GM: 15.0% / 1,687,500.00 | Delivery: 2025-10-26 | Must Win: Yes"
SS-25-0187,First Gas,Pressure Reducing Metering Stations,New,Lost,90,11250000.0,2026-02-01,Shady Moussa,Rania,0,,Basith + Shady,2026-02-01,Lost,"Business Unit: Project | End User: City Cement | Industry: Oil & Gas | Original Stage: Lost | Forecast GM: 15.0% / 1,687,500.00 | Delivery: 2025-10-26 | Must Win: Yes"
SS-26-0039,SEC,Upgrade SVC metering system,New,Qualification,70,5250000.0,2026-12-01,Shady Moussa,Nishar,0,,,2026-12-01,Open,"Business Unit: Trading | End User: Aramco | Industry: Oil & Gas | Original Stage: Budgetary | Forecast GM: 20.0% / 1,050,000.00 | Delivery: 2025-10-26 | Must Win: Yes"
SS-25-0186,Modern Gas,Supply gas regulators,New,Lost,70,190000.0,2026-01-01,Shady Moussa,Nishar,0,,,2026-01-01,Lost,"Business Unit: Trading | End User: Modern Gas | Industry: Oil & Gas | Original Stage: Lost | Forecast GM: 20.0% / 38,000.00 | Delivery: 2025-10-26 | Must Win: Yes"
SS-25-0185,SEC,Upgrade SVC metering system,New,Lost,70,5250000.0,2026-05-01,Shady Moussa,Nishar,0,,,2026-05-01,Lost,"Business Unit: Trading | End User: Aramco | Industry: Oil & Gas | Original Stage: Canceled | Forecast GM: 20.0% / 1,050,000.00 | Delivery: 2025-10-26 | Must Win: Yes"
SS-25-0184,ZOMCO,Validation of flowmeter Flowsic600,New,Lost,70,12500.0,2025-11-01,Shady Moussa,Nishar,0,,,2025-11-01,Lost,"Business Unit: Trading | End User: SEC - PP11 | Industry: Oil & Gas | Original Stage: Lost | Forecast GM: 25.0% / 3,125.00 | Delivery: 2025-10-22 | Must Win: Yes"
SS-25-0183,Saudi Electricity Company-SEC,Supply software & virtual machine,New,Qualification,70,60000.0,2026-01-01,Shady Moussa,Nishar,0,,,2026-01-01,Open,Business Unit: Trading | End User: Saudi Electricity Company-SEC PP10 | Industry: Oil & Gas | Original Stage: Budgetary | Forecast GM: 0.0% / 0.00 | Delivery: 2026-03-03 | Must Win: Yes | Quality: GM % missing
SS-25-0182,Aminat,Supply PowerEdge R260 with Full Configuration,New,Lost,70,0.0,2025-01-01,Shady Moussa,Nishar,0,,,2025-01-01,Lost,Business Unit: Trading | End User: Aminat | Industry: Oil & Gas | Original Stage: Lost | Forecast GM: 0.0% / 0.00 | Delivery: 2025-11-20 | Must Win: Yes | Quality: Gross value missing; GM % missing
SS-25-0181,Aramco,Supply of MOISTURE METERS (Portable Moisture Analyzers),New,Proposal,90,100000.0,2026-01-01,Mohammed Nishar,Mohamed Nishar,0,,RFQ received and sent it to Suppliers,2026-01-01,Open,"Business Unit: Trading | End User: Aramco | Industry: Oil & Gas | Original Stage: Firm | Forecast GM: 25.0% / 25,000.00 | Delivery: 2025-01-31 | Must Win: No"
SS-25-0180,s3c,s3c factory digital transformation,Replacement,Qualification,90,0.0,2026-01-01,Abdelaziz Abdelsadek,Rania,0,,,2026-01-01,Open,"Business Unit: Trading | End User: s3c | Industry: Chemical | Original Stage: Budgetary | Forecast GM: 20.0% / 200,000.00 | Delivery: 2025-10-14 | Must Win: Yes | Quality: Gross value missing"
SS-25-0178,SEC,Supply Flowmeters,New,Lost,70,0.0,2025-12-01,Shady Moussa,Nishar,0,,Saudi Electricity Company has invited you to participate in an event: SEC RFP-C001690815.,2025-12-01,Lost,Business Unit: Trading | End User: SEC | Industry: Oil & Gas | Original Stage: Canceled | Forecast GM: 0.0% / 0.00 | Delivery: 2025-10-12 | Must Win: Yes | Quality: Gross value missing; GM % missing
SS-25-0179,SEC - FARSAN,troubleshooting system PLC SCADA,New,Lost,70,520000.0,2025-12-01,Shady Moussa,Rania,0,,,2025-12-01,Lost,"Business Unit: Trading | End User: SEC | Industry: Oil & Gas | Original Stage: Canceled | Forecast GM: 30.0% / 156,000.00 | Delivery: 2025-10-12 | Must Win: Yes"
SS-25-0177,SAFCO,To install Conductivity and dissolved oxygen analyzers,New,Qualification,70,300000.0,2026-01-01,,Rania,0,,,2026-01-01,Open,"Business Unit: Trading | End User: SAFCO | Industry: Petrochemical | Original Stage: Budgetary | Forecast GM: 15.0% / 30,000.00 | Delivery: 2025-10-09 | Must Win: Yes | Quality: Source GM value differs materially from Gross × GM %; Salesman missing"
SS-25-0176,Maadan Aluminum,Supply Pilot of Gas Regulator,New,Lost,70,27252.0,2025-12-01,Shady Moussa,Nishar,0,,,2025-12-01,Lost,"Business Unit: Trading | End User: Maadan Aluminum | Industry: Oil & Gas | Original Stage: Canceled | Forecast GM: 30.0% / 8,175.60 | Delivery: 2026-01-09 | Must Win: Yes"
SS-25-0175,HADEED,Supply of Siemens Gas,New,Qualification,90,25000.0,2026-01-01,Basith Ahmed,Mohamed Nishar,0,,,2026-01-01,Open,"Business Unit: Trading | End User: HADEED | Industry: Oil & Gas | Original Stage: Budgetary | Forecast GM: 25.0% / 6,250.00 | Delivery: 2026-01-31 | Must Win: No"
SS-25-0174,GPDS,DDC Panels for,New,On Hold,90,1325618.2,2026-01-01,Abdelaziz Abdelsadek,Rania,0,,,2026-01-01,On Hold,"Business Unit: Trading | End User: aramco | Industry: Materials | Original Stage: On-Hold | Forecast GM: 20.0% / 200,000.00 | Delivery: 2025-10-07 | Must Win: Yes | Quality: Source GM value differs materially from Gross × GM %"
SS-25-0172,HADEED,Supply of IFM Sensors and SICK Sensors,New,Proposal,90,80000.0,2025-01-01,Basith Ahmed,Mohamed Nishar,0,,,2025-01-01,Open,"Business Unit: Trading | End User: HADEED | Industry: Oil & Gas | Original Stage: Firm | Forecast GM: 25.0% / 32,000.00 | Delivery: 2025-12-31 | Must Win: No | Quality: Source GM value differs materially from Gross × GM %"
SS-25-0171,Rawabi Specialized Contracting,UPGRADES FOR SEA WATER COOLING NETWORK,New,Qualification,90,750000.0,2026-01-01,Mohammed Nishar,Mohamed Nishar,0,,,2026-01-01,Open,"Business Unit: Trading | End User: Royal Commission | Industry: Oil & Gas | Original Stage: Budgetary | Forecast GM: 25.0% / 150,000.00 | Delivery: 2025-10-05 | Must Win: Yes | Quality: Source GM value differs materially from Gross × GM %"
SS-25-0170,Contemporary Structure Co.,"Supply of Instrumentation,",New,Qualification,90,1000000.0,2025-02-01,Mohammed Nishar,Mohamed Nishar,0,,,2025-02-01,Open,"Business Unit: Project | End User: Contemporary Structure Co. | Industry: Oil & Gas | Original Stage: Budgetary | Forecast GM: 20.0% / 150,000.00 | Delivery: 2026-02-28 | Must Win: Yes | Quality: Source GM value differs materially from Gross × GM %"
SS-25-0169,HADEED,Supply of ENDRESS&HAUSER TRANSDUCER,New,Proposal,90,15000.0,2025-12-01,Basith Ahmed,Mohamed Nishar,0,,Under Preparation,2025-12-01,Open,"Business Unit: Trading | End User: HADEED | Industry: Oil & Gas | Original Stage: Firm | Forecast GM: 25.0% / 3,750.00 | Delivery: 2026-02-28 | Must Win: Yes"
SS-25-0168,SEC,Relocation of the existing Control Panels of Fuel unloading,New,Qualification,70,457743.0,2026-08-01,Shady Moussa,Rania,0,,,2026-08-01,Open,"Business Unit: Project | End User: SEC - Rafha PP | Industry: Oil & Gas | Original Stage: Budgetary | Forecast GM: 35.0% / 89,000.00 | Delivery: 2025-10-01 | Must Win: Yes | Quality: Source GM value differs materially from Gross × GM %"
SS-25-0167,Aramco,Supply of Flare Ultrasonic Flowmeter,New,Qualification,90,1000000.0,2025-06-01,Mohammed Nishar,Mohamed Nishar,0,,Under Preparation,2025-06-01,Open,"Business Unit: Trading | End User: Aramco | Industry: Oil & Gas | Original Stage: Budgetary | Forecast GM: 20.0% / 200,000.00 | Delivery: 2026-04-22 | Must Win: No"
SS-25-0166,Al Sawab Commercial company,Supply Gas Regulator HON372,New,Lost,70,77154.0,2025-12-01,Shady Moussa,Nishar,0,,,2025-12-01,Lost,"Business Unit: Trading | End User: obeikan glass company | Industry: Oil & Gas | Original Stage: Lost | Forecast GM: 25.0% / 15,389.80 | Delivery: 2025-03-05 | Must Win: Yes | Quality: Source GM value differs materially from Gross × GM %"
SS-25-0165,Rawabi Specialized Contracting,Supply of Ultrasonic Flowmeter,New,Qualification,90,120000.0,2026-03-01,Mohammed Nishar,Mohamed Nishar,0,,Enquiry received and under Preparation,2026-03-01,Open,"Business Unit: Trading | End User: Royal Commission Ras Al Khair | Industry: Oil & Gas | Original Stage: Budgetary | Forecast GM: 20.0% / 24,000.00 | Delivery: 2026-04-30 | Must Win: Yes"
SS-25-0164,Rawad Al Bina Contracting,"Supply, Installation, testing, Commissioing of SCADA Systems",New,Qualification,90,1500000.0,2024-04-01,Mohammed Nishar,Mohamed Nishar,0,,Enquiry received from Rawad AL Bina,2024-04-01,Open,"Business Unit: Trading | End User: Royal Commission Jubail | Industry: Oil & Gas | Original Stage: Budgetary | Forecast GM: 20.0% / 225,000.00 | Delivery: 2026-04-30 | Must Win: No | Quality: Source GM value differs materially from Gross × GM %"
SS-25-0163,HILAL INDUSTRIAL SUPPLIES & SERVICES,,New,Lost,90,18500.0,2026-02-01,Shady Moussa,,0,,,2026-02-01,Lost,"Business Unit: Trading | End User: UNICOIL | Industry: Oil & Gas | Original Stage: Canceled | Forecast GM: 30.0% / 1,500.00 | Delivery: 2025-03-20 | Must Win: Yes | Quality: Deal Name missing; Source GM value differs materially from Gross × GM %; Assigned To missing"
SS-25-0162,Safra Refinery,Designing & Fabrication Metering Skid,New,On Hold,70,1000000.0,2026-07-01,Shady Moussa,Rania,0,,,2026-07-01,On Hold,"Business Unit: Project | End User: Safra Refinery | Industry: Petrochemical | Original Stage: On-Hold | Forecast GM: 35.0% / 260,000.00 | Delivery: 2025-09-30 | Must Win: Yes | Quality: Source GM value differs materially from Gross × GM %"
SS-25-0161,SAFCO,To install Conductivity and Dissolved Oxygen analyzer at uti,New,Proposal,70,230000.0,2025-12-01,,Rania,0,,,2025-12-01,Open,"Business Unit: Project | End User: sabic | Industry: Petrochemical | Original Stage: Firm | Forecast GM: 15.0% / 30,000.00 | Delivery: 2026-12-01 | Must Win: Yes | Quality: Source GM value differs materially from Gross × GM %; Salesman missing"
SS-25-0160,Aramco,Supply of E&H Moisture Analyzer,New,Proposal,40,25000.0,2026-01-01,Mohammed Nishar,Mohamed Nishar,0,,Enquiry sent to E&H for offer and under Preparation,2026-01-01,Open,"Business Unit: Trading | End User: Aramco | Industry: Oil & Gas | Original Stage: Firm | Forecast GM: 25.0% / 6,250.00 | Delivery: 2026-02-28 | Must Win: Yes"
SS-25-0159,STOM,Supply of E&H Level Transmitter,New,Proposal,90,75000.0,2025-12-01,Mohammed Nishar,Mohamed Nishar,0,,Quote Submitted to STOM,2025-12-01,Open,"Business Unit: Trading | End User: STOM | Industry: Oil & Gas | Original Stage: Firm | Forecast GM: 25.0% / 18,750.00 | Delivery: 2025-12-31 | Must Win: Yes"
SS-25-0158,STOM - Saudi Tabreed,Supply of E&H Electromagnetic Flowmeter,New,Proposal,90,27696.0,2025-12-01,Mohammed Nishar,Mohamed Nishar,0,,Quote submitted to STOM,2025-12-01,Open,"Business Unit: Trading | End User: STOM | Industry: Oil & Gas | Original Stage: Firm | Forecast GM: 25.0% / 6,924.00 | Delivery: 2025-12-31 | Must Win: Yes"
SS-25-0157,Tamimi markets,AL Tamimi markets EMS,Upgrade,Qualification,90,500000.0,2026-02-01,Abdelaziz Abdelsadek,Abdelaziz,0,,,2026-02-01,Open,"Business Unit: Service | End User: AL Tamimi markets EMS | Industry: Food & Beverage | Original Stage: Budgetary | Forecast GM: 25.0% / 500,000.00 | Delivery: 2025-09-27 | Must Win: Yes | Quality: Source GM value differs materially from Gross × GM %"
SS-25-0156,AL othaim market EMS,AL othaim market EMS,Upgrade,Qualification,90,500000.0,2026-02-01,Abdelaziz Abdelsadek,Abdelaziz,0,,still not yet,2026-02-01,Open,"Business Unit: Service | End User: AL othaim market EMS | Industry: Food & Beverage | Original Stage: Budgetary | Forecast GM: 20.0% / 500,000.00 | Delivery: 2026-02-10 | Must Win: Yes | Quality: Source GM value differs materially from Gross × GM %"
SS-25-0155,حمود شركة الاستزراع السمكي,حمود شركة الاستزراع السمكي,Upgrade,Qualification,90,25000.0,2026-02-01,Abdelaziz Abdelsadek,Abddelaziz,0,,still,2026-02-01,Open,"Business Unit: Trading | End User: حمود شركة الاستزراع السمكي | Industry: Food & Beverage | Original Stage: Budgetary | Forecast GM: 10.0% / 25,000.00 | Delivery: 2026-01-10 | Must Win: Yes | Quality: Source GM value differs materially from Gross × GM %"
SS-25-0154,sedra mall riyadah,IT Project sedra mall,New,Qualification,90,1500000.0,2026-07-01,Abdelaziz Abdelsadek,abdelaziz,0,,still in bedding,2026-07-01,Open,"Business Unit: Project | End User: sedra mall riyadah | Industry: Materials | Original Stage: Budgetary | Forecast GM: 15.0% / 150,000.00 | Delivery: 2025-09-27 | Must Win: Yes | Quality: Customer Name missing; Account inferred from End User; Source GM value differs materially from Gross × GM %"
SS-25-0153,Lateen water Qunfoza,Lateen water Qunfoza,Upgrade,Qualification,90,250000.0,2026-01-01,Abdelaziz Abdelsadek,Abdelaziz,0,,still,2026-01-01,Open,"Business Unit: Project | End User: Lateen water Qunfoza | Industry: Food & Beverage | Original Stage: Budgetary | Forecast GM: 25.0% / 250,000.00 | Delivery: 2026-01-10 | Must Win: Yes | Quality: Customer Name missing; Account inferred from End User; Source GM value differs materially from Gross × GM %"
SS-25-0152,Al Hayah hospital Abha,AL Hayah hospital abha,Upgrade,Qualification,90,100000.0,2026-01-01,Abdelaziz Abdelsadek,abdelaziz,0,,not yet,2026-01-01,Open,"Business Unit: Trading | End User: Al Hayah hospital Abha | Industry: Materials | Original Stage: Budgetary | Forecast GM: 25.0% / 100,000.00 | Delivery: 2026-01-10 | Must Win: Yes | Quality: Customer Name missing; Account inferred from End User; Source GM value differs materially from Gross × GM %"
SS-25-0151,pepsico,pepsico Abha,Replacement,Qualification,90,25000.0,2026-01-01,Abdelaziz Abdelsadek,ABDELAZIZ,0,,still in progress,2026-01-01,Open,"Business Unit: Trading | End User: pepsico | Industry: Food & Beverage | Original Stage: Budgetary | Forecast GM: 25.0% / 25,000.00 | Delivery: 2026-01-10 | Must Win: Yes | Quality: Customer Name missing; Account inferred from End User; Source GM value differs materially from Gross × GM %"
SS-25-0150,Company GHAZ AL-WOULI Ltd.,"Supply SSV, Regulator, Relief valve",New,Lost,70,1000000.0,2025-01-01,Shady Moussa,Nishar,0,,,2025-01-01,Lost,"Business Unit: Trading | End User: City Cement | Industry: Oil & Gas | Original Stage: Lost | Forecast GM: 30.0% / 216,999.00 | Delivery: 2025-09-25 | Must Win: Yes | Quality: Source GM value differs materially from Gross × GM %"
SS-25-0149,STAR SQUARES COMPANY LTD [SSQ],Supply DP transmitters,New,Lost,70,243495.85,2025-12-01,Shady Moussa,Nishar,0,,,2025-12-01,Lost,"Business Unit: Trading | End User: SEC | Industry: Oil & Gas | Original Stage: Lost | Forecast GM: 25.0% / 97,398.34 | Delivery: 2026-03-05 | Must Win: Yes | Quality: Source GM value differs materially from Gross × GM %"
SS-25-0148,Global Pipe Company,Supply PLC Panels for Cranes,New,Qualification,70,4376276.8,2026-05-01,Shady Moussa,Rania,0,,,2026-05-01,Open,"Business Unit: Project | End User: Global Pipe Company | Industry: Oil & Gas | Original Stage: Budgetary | Forecast GM: 25.0% / 1,094,069.20 | Delivery: 2026-09-10 | Must Win: Yes"
SS-25-0147,HAIF,GREEN RIYADH KSP TSE PS0700 PACKAGE,New,Proposal,70,3333333.33,2026-11-01,Shady Moussa,Rania,0,,,2026-11-01,Open,"Business Unit: Project | End User: ROYAL COMMISSION FOR RIYADH CITY | Industry: Power & Water | Original Stage: Firm | Forecast GM: 10.0% / 333,333.33 | Delivery: 2026-11-05 | Must Win: Yes"
SS-25-0146,Aramco-Saudi Arabian Oil Company,Service for USM,New,Qualification,70,99000.0,2026-04-01,Shady Moussa,Nishar,0,,,2026-04-01,Open,"Business Unit: Trading | End User: Aramco-Saudi Arabian Oil Company | Industry: Oil & Gas | Original Stage: Budgetary | Forecast GM: 20.0% / 16,500.00 | Delivery: 2025-12-15 | Must Win: Yes | Quality: Source GM value differs materially from Gross × GM %"
SS-25-0145,Star Square Company Ltd,Supply Gas Regulator SSV,New,Awarded,90,88993.0,2025-09-01,Shady Moussa,Nishar,0,,Star Square Company Ltd,2025-09-01,Won,"Business Unit: Trading | End User: SEC | Industry: Oil & Gas | Original Stage: Won | Forecast GM: 24.0% / 23,700.00 | Delivery: 2026-01-05 | Must Win: Yes | Quality: Source GM value differs materially from Gross × GM %"
SS-25-0143,Aramco,Supply of Krohne Variable Area FlowMeter,New,Qualification,90,36857.97,2025-12-01,Mohammed Nishar,Mohamed Nishar,0,,Quote Submitted to Aramco,2025-12-01,Open,"Business Unit: Trading | End User: Aramco | Industry: Oil & Gas | Original Stage: Budgetary | Forecast GM: 25.0% / 7,371.59 | Delivery: 2026-02-28 | Must Win: Yes | Quality: Source GM value differs materially from Gross × GM %"
SS-25-0142,Aramco,,New,Qualification,90,0.0,2025-12-01,Abdullah Lardhi,Abdulla,0,,,2025-12-01,Open,Business Unit: Trading | End User: Aramco | Industry: Oil & Gas | Original Stage: Budgetary | Forecast GM: 35.0% / 0.00 | Delivery: 2025-09-18 | Must Win: Yes | Quality: Customer Name missing; Account inferred from End User; Deal Name missing; Gross value missing
SS-25-0141,Saudi Electricity Company-SEC,Supply and install Ultrasonic / Mechanical flowmeter,New,On Hold,70,1350000.0,2026-05-01,Shady Moussa,Rania,0,,,2026-05-01,On Hold,"Business Unit: Trading | End User: Saudi Electricity Company-SEC PP10 | Industry: Power & Water | Original Stage: On-Hold | Forecast GM: 35.0% / 260,000.00 | Delivery: 2026-03-05 | Must Win: Yes | Quality: Source GM value differs materially from Gross × GM %"
SS-25-0140,SEDRA GROUP,BMS SEDRA MALL,New,Qualification,70,88100.0,2026-06-01,Abdelaziz Abdelsadek,ABDELAZIZ,0,,,2026-06-01,Open,"Business Unit: Project | End User: SEDRA GROUP | Industry: Materials | Original Stage: Budgetary | Forecast GM: 30.0% / 100,000.00 | Delivery: 2026-06-01 | Must Win: Yes | Quality: Customer Name missing; Account inferred from End User; Source GM value differs materially from Gross × GM %"
SS-25-0139,Aramco,Supply of Electromagnetic Flow Meter,New,Proposal,90,50000.0,2024-12-01,Mohammed Nishar,Mohamed Nishar,0,,Quote submitted to Aramco,2024-12-01,Open,"Business Unit: Trading | End User: Aramco | Industry: Oil & Gas | Original Stage: Firm | Forecast GM: 20.0% / 21,681.00 | Delivery: 2026-04-30 | Must Win: Yes | Quality: Source GM value differs materially from Gross × GM %"
SS-25-0138,Zamil Offshore Construction Ltd,Supply CPU SIEMENS,New,Lost,70,4494.57,2026-02-01,Shady Moussa,Shady Moussa,0,,,2026-02-01,Lost,Business Unit: Trading | End User: Zamil Offshore Construction Ltd | Industry: Oil & Gas | Original Stage: Lost | Forecast GM: 40.0% / 700.00 | Delivery: 2025-03-13 | Must Win: Yes | Quality: Source GM value differs materially from Gross × GM %
SS-25-0137,Aramco,Supply of Endress Moisture Analyzer,New,Proposal,90,100000.0,2026-02-01,Abdullah Lardhi,Mohamed Nishar,0,,Under Preparation,2026-02-01,Open,"Business Unit: Trading | End User: Aramco | Industry: Oil & Gas | Original Stage: Firm | Forecast GM: 25.0% / 25,000.00 | Delivery: 2026-03-31 | Must Win: No"
SS-25-0136,Saudi Electricity Company-SEC,SEC RFP-C001672846.,New,Lost,70,0.0,2025-12-01,Shady Moussa,Nishar,0,,,2025-12-01,Lost,Business Unit: Trading | End User: Saudi Electricity Company-SEC | Industry: Power & Water | Original Stage: Lost | Forecast GM: 30.0% / 0.00 | Delivery: 2025-09-03 | Must Win: Yes | Quality: Gross value missing
SS-25-0135,Sadara Chemical Company,Supply GC spares,New,On Hold,70,418892.87,2026-01-01,Shady Moussa,Nishar,0,,,2026-01-01,On Hold,"Business Unit: Trading | End User: Sadara Chemical Company | Industry: Petrochemical | Original Stage: On-Hold | Forecast GM: 30.0% / 125,667.86 | Delivery: 2025-09-03 | Must Win: Yes"
SS-25-0134,Maaden Aluminium Company,Supply Axial Flow Valve,New,Lost,70,0.0,2025-12-01,Shady Moussa,Mohamed Nishar,0,,,2025-12-01,Lost,Business Unit: Trading | End User: Maaden Aluminium Company | Industry: Oil & Gas | Original Stage: Lost | Forecast GM: 30.0% / 0.00 | Delivery: 2025-09-02 | Must Win: Yes | Quality: Gross value missing
SS-25-0133,Global Pipe Company,"Preparation, assembly, and testing of the Control Panel.",New,Lost,70,55842.52,2025-12-01,Shady Moussa,Nishar,0,,,2025-12-01,Lost,"Business Unit: Trading | End User: Global Pipe Company | Industry: Oil & Gas | Original Stage: Lost | Forecast GM: 30.0% / 10,564.70 | Delivery: 2026-04-02 | Must Win: Yes | Quality: Source GM value differs materially from Gross × GM %"
SS-25-0132,Tasnee,Portable wireless vibration sensors with software platform t,New,Awarded,70,344723.4,2025-10-01,Shady Moussa,Rania,0,,,2025-10-01,Won,"Business Unit: Project | End User: Tasnee | Industry: Petrochemical | Original Stage: Won | Forecast GM: 30.0% / 103,417.02 | Delivery: 2025-08-21 | Must Win: Yes"
SS-25-0131,ALLIED TRADING COMPANY LLC,Supply differential pressure & prssure transmitter,New,Lost,70,37876.06,2025-12-01,Shady Moussa,Nishar,0,,,2025-12-01,Lost,"Business Unit: Trading | End User: MAADAN | Industry: Oil & Gas | Original Stage: Lost | Forecast GM: 25.0% / 21,210.60 | Delivery: 2025-02-05 | Must Win: Yes | Quality: Source GM value differs materially from Gross × GM %"
SS-25-0130,RAPCO Group,Supply Flow meter & Valves,New,On Hold,70,0.0,2025-11-01,Shady Moussa,Nishar,0,,,2025-11-01,On Hold,Business Unit: Trading | End User: NWC | Industry: Power & Water | Original Stage: On-Hold | Forecast GM: 25.0% / 0.00 | Delivery: 2026-02-03 | Must Win: Yes | Quality: Gross value missing
SS-25-0129,Taaheel Environmental Service Factory Company,Supply PD Meter,New,Lost,70,0.0,2025-11-01,Shady Moussa,Nishar,0,,,2025-11-01,Lost,Business Unit: Trading | End User: Taaheel Environmental Service Factory Company | Industry: Oil & Gas | Original Stage: Canceled | Forecast GM: 0.0% / 0.00 | Delivery: 2025-08-18 | Must Win: Yes | Quality: Customer Name missing; Account inferred from End User; Gross value missing; GM % missing
SS-25-0128,National Gas,Supply Gas pressure rgulator with the filter,New,Lost,70,0.0,2025-11-01,Shady Moussa,,0,,,2025-11-01,Lost,Business Unit: Trading | End User: National Gas | Industry: Oil & Gas | Original Stage: Canceled | Forecast GM: 25.0% / 0.00 | Delivery: 2026-02-11 | Must Win: Yes | Quality: Customer Name missing; Account inferred from End User; Gross value missing; Assigned To missing
SS-25-0127,National Gas - SADARA,Supply Reg. Pump Skid Control panel,New,Lost,40,25211.0,2025-12-01,Shady Moussa,Nishar,0,,,2025-12-01,Lost,"Business Unit: Trading | End User: National Gas | Industry: Oil & Gas | Original Stage: Canceled | Forecast GM: 40.0% / 10,084.40 | Delivery: 2026-01-08 | Must Win: Yes"
SS-25-0126,SEC,Truck Unloading System,Replacement,Proposal,90,7000000.0,2026-01-01,,Rania,0,,,2026-01-01,Open,"Business Unit: Trading | End User: SEC | Industry: Oil & Gas | Original Stage: Firm | Forecast GM: 15.0% / 1,050,000.00 | Delivery: 2026-06-11 | Must Win: Yes | Quality: Customer Name missing; Account inferred from End User; Salesman missing"
SS-25-0125,KSB Pumps Arabia Ltd,Request for Flexim (FLUXUS F60x) Flow Meter,New,Lost,70,55135.0,2025-12-01,Shady Moussa,Nishar,0,,,2025-12-01,Lost,"Business Unit: Trading | End User: KSB Pumps Arabia Ltd | Industry: Oil & Gas | Original Stage: Lost | Forecast GM: 30.0% / 16,540.50 | Delivery: 2025-12-24 | Must Win: Yes"
SS-25-0124,Yansab,ph-cL Analyzers,New,Proposal,70,500000.0,2025-01-01,,Rania Abdelrahim,0,,,2025-01-01,Open,"Business Unit: Project | End User: Yansab | Industry: Petrochemical | Original Stage: Firm | Forecast GM: 15.0% / 500,000.00 | Delivery: 0 | Must Win: Yes | Quality: Customer Name missing; Account inferred from End User; Source GM value differs materially from Gross × GM %; Salesman missing"
SS-25-0123,SAUDI PLASTIC PRODUCTS COMPANY (SAPPCO),Upgrading the control system of Mixer Complex machine.,New,Lost,70,60032.11,2026-02-01,Shady Moussa,Rania,0,,,2026-02-01,Lost,"Business Unit: Project | End User: SAUDI PLASTIC PRODUCTS COMPANY (SAPPCO) | Industry: Power & Water | Original Stage: Canceled | Forecast GM: 47.0% / 28,215.09 | Delivery: 2026-02-01 | Must Win: Yes"
SS-25-0122,Clariant Tammimi,E-house Material Requisition Calixarene GEN 2 Proje,New,Qualification,40,3000000.0,2026-01-01,,Rania,0,,,2026-01-01,Open,"Business Unit: Project | End User: Clariant Tammimi | Industry: Chemical | Original Stage: Budgetary | Forecast GM: 30.0% / 600,000.00 | Delivery: 2025-08-06 | Must Win: Yes | Quality: Customer Name missing; Account inferred from End User; Source GM value differs materially from Gross × GM %; Salesman missing"
SS-25-0121,Haif,Supply instrument devices,New,Proposal,70,4000000.0,2026-11-01,Shady Moussa,Nishar,0,,,2026-11-01,Open,"Business Unit: Trading | End User: Royal Commission for Riyadh City | Industry: Power & Water | Original Stage: Firm | Forecast GM: 30.0% / 1,200,000.00 | Delivery: 2025-11-05 | Must Win: Yes"
SS-25-0120,RAPPCO,SCADA SYSTEM,New,On Hold,70,0.0,2026-04-01,Shady Moussa,Rania,0,,,2026-04-01,On Hold,Business Unit: Project | End User: NWC | Industry: Power & Water | Original Stage: On-Hold | Forecast GM: 30.0% / 0.00 | Delivery: 2026-01-15 | Must Win: Yes | Quality: Gross value missing
SS-25-0119,ARAMCO,Upgrade supervisory & GC for Ethane gas & FC for Sales gas,Upgrade,Qualification,70,2158448.81,2027-02-01,Shady Moussa,Nishar,0,,,2027-02-01,Open,"Business Unit: Trading | End User: PETROKEMYA | Industry: Oil & Gas | Original Stage: Budgetary | Forecast GM: 35.0% / 755,457.08 | Delivery: 2026-12-10 | Must Win: Yes"
SS-25-0118,Gas Arabia,Supply Field Mounted Flow Computer,New,Lost,70,0.0,2025-12-01,Shady Moussa,Nishar,0,,,2025-12-01,Lost,Business Unit: Trading | End User: ARAMCO | Industry: Oil & Gas | Original Stage: Canceled | Forecast GM: 25.0% / 0.00 | Delivery: 2026-02-11 | Must Win: Yes | Quality: Gross value missing
SS-25-0117,Tihama Power Generation Co Ltd,supply of Ultrasonic Flow Meter Spares - UGP,New,Awarded,70,196790.08,2026-04-01,Shady Moussa,Nishar,0,,,2026-04-01,Won,"Business Unit: Trading | End User: ARAMCO | Industry: Oil & Gas | Original Stage: Won | Forecast GM: 25.0% / 48,338.29 | Delivery: 2025-07-28 | Must Win: Yes"
SS-25-0116,yansab,replacement of TOC Analyzer,Replacement,Proposal,90,1000000.0,2025-12-01,,Rania,0,,,2025-12-01,Open,"Business Unit: Project | End User: yansab | Industry: Oil & Gas | Original Stage: Firm | Forecast GM: 20.0% / 1,000,000.00 | Delivery: 2025-07-28 | Must Win: Yes | Quality: Customer Name missing; Account inferred from End User; Source GM value differs materially from Gross × GM %; Salesman missing"
SS-25-0115,Gas Arabian Services Co,SUPPLY LEVEL & PRESSURE INSTRUMENTS,New,Lost,70,0.0,2025-11-01,Shady Moussa,Nishar,0,,,2025-11-01,Lost,Business Unit: Trading | End User: ARAMCO | Industry: Oil & Gas | Original Stage: Canceled | Forecast GM: 25.0% / 0.00 | Delivery: 2025-07-22 | Must Win: Yes | Quality: Gross value missing
SS-25-0114,WTTCO,"Supply of ELEC,PANELS_Jubail Pipeline.",New,Qualification,40,0.0,2025-12-01,Shady Moussa,Mohamed Nishar,0,,Lost Due to Not Submitted the Proposal,2025-12-01,Open,"Business Unit: Trading | End User: WTTCO | Industry: Power & Water | Original Stage: Budgetary | Forecast GM: 20.0% / 2,500.00 | Delivery: 2025-07-22 | Must Win: No | Quality: Gross value missing"
SS-25-0113,NEOM,Remote Automation Technical Support,New,Lost,70,2500.0,2025-08-01,Shady Moussa,Rania,0,,,2025-08-01,Lost,Business Unit: Service | End User: NEOM | Industry: Power & Water | Original Stage: Canceled | Forecast GM: 30.0% / 750.00 | Delivery: 2025-07-22 | Must Win: Yes | Quality: Customer Name missing; Account inferred from End User
SS-25-0112,Alderly,Survey visit of Validation & Calibration Elster UFM,New,Awarded,70,33700.0,2025-08-01,,Nishar,0,,,2025-08-01,Won,"Business Unit: Trading | End User: ARAMCO | Industry: Oil & Gas | Original Stage: Won | Forecast GM: 25.0% / 8,425.00 | Delivery: 2025-08-31 | Must Win: Yes | Quality: Salesman missing"
SS-25-0111,Honeywell,Upgrading FC,New,Lost,70,0.0,2025-10-01,Shady Moussa,Rania,0,,,2025-10-01,Lost,Business Unit: Service | End User: CHEMANOL | Industry: Petrochemical | Original Stage: Canceled | Forecast GM: 30.0% / 0.00 | Delivery: 2025-07-17 | Must Win: Yes | Quality: Gross value missing
SS-25-0110,ARAMCO,Supply regulator spares,New,Lost,70,113254.97,2026-02-01,Shady Moussa,Nishar,0,,,2026-02-01,Lost,"Business Unit: Trading | End User: AL MEER | Industry: Oil & Gas | Original Stage: Canceled | Forecast GM: 30.0% / 21,084.70 | Delivery: 2026-03-12 | Must Win: Yes | Quality: Source GM value differs materially from Gross × GM %"
SS-25-0109,Enerfac Solutions Limited,910 | Ultrasonic Flowmeter | 02 Nos,New,Qualification,90,0.0,2025-12-01,Ahmed Al Bojbarah,,0,,,2025-12-01,Open,Business Unit: Trading | End User: Enerfac Solutions Limited | Industry: Oil & Gas | Original Stage: Budgetary | Forecast GM: 25.0% / 0.00 | Delivery: 2025-07-30 | Must Win: Yes | Quality: Customer Name missing; Account inferred from End User; Gross value missing; Assigned To missing
SS-25-0108,Marafiq,"Upgradation of STG#21,22 & 23 TCS (HMI & Historian) in Yanbu",Upgrade,Proposal,70,15000000.0,2025-11-01,,Rania,0,,,2025-11-01,Open,"Business Unit: Project | End User: Marafiq | Industry: Power & Water | Original Stage: Firm | Forecast GM: 15.0% / 1,500,000.00 | Delivery: 2025-07-15 | Must Win: Yes | Quality: Customer Name missing; Account inferred from End User; Source GM value differs materially from Gross × GM %; Salesman missing"
SS-25-0107,Advanced industrial model Company AIM,Supply PLC & Power SIEMENS,New,Lost,70,0.0,2025-10-01,Shady Moussa,Nishar,0,,,2025-10-01,Lost,Business Unit: Trading | End User: Advanced industrial model Company AIM | Industry: Power & Water | Original Stage: Lost | Forecast GM: 30.0% / 0.00 | Delivery: 2025-11-11 | Must Win: Yes | Quality: Gross value missing
SS-25-0106,Advanced industrial model Company AIM,Supply instruments & valves,New,Lost,70,0.0,2025-10-01,Shady Moussa,Nishar,0,,,2025-10-01,Lost,Business Unit: Trading | End User: Advanced industrial model Company AIM | Industry: Power & Water | Original Stage: Canceled | Forecast GM: 30.0% / 0.00 | Delivery: 2025-11-18 | Must Win: Yes | Quality: Gross value missing
SS-25-0105,Barq Al Mostaqbal Co.,Supply intrument,New,Lost,70,0.0,2025-10-01,Shady Moussa,Nishar,0,,,2025-10-01,Lost,Business Unit: Trading | End User: SWCC | Industry: Power & Water | Original Stage: Canceled | Forecast GM: 30.0% / 0.00 | Delivery: 2025-11-12 | Must Win: Yes | Quality: Gross value missing
SS-25-0104,Zamil Offshore Construction Ltd,"RFQ - LB1,3,6 - ELECTRICAL",New,Lost,40,7412.0,2025-12-01,Shady Moussa,Nishar,0,,,2025-12-01,Lost,"Business Unit: Trading | End User: Zamil Offshore Construction Ltd | Industry: Oil & Gas | Original Stage: Lost | Forecast GM: 30.0% / 2,223.60 | Delivery: 2025-11-11 | Must Win: Yes"
SS-25-0103,Aramco,Instrumentation scope for (Plant 340 Pumps (G-1A B) installa,New,Qualification,70,0.0,2025-01-01,Ahmed Al Bojbarah,Nishar,0,,,2025-01-01,Open,Business Unit: Trading | End User: Aramco | Industry: Oil & Gas | Original Stage: Budgetary | Forecast GM: 25.0% / 0.00 | Delivery: 2025-12-25 | Must Win: Yes | Quality: Customer Name missing; Account inferred from End User; Gross value missing
SS-25-0102,Zamil Offshore Construction Ltd,RFQ - LB1 - PR# 184799,New,Lost,40,2206.0,2025-12-01,Shady Moussa,Nishar,0,,,2025-12-01,Lost,Business Unit: Trading | End User: Zamil Offshore Construction Ltd | Industry: Oil & Gas | Original Stage: Lost | Forecast GM: 30.0% / 661.80 | Delivery: 2025-07-07 | Must Win: Yes
SS-25-0101,Zamil Offshore Construction Ltd,RFQ - LB6 - PR# 184040 - Schneider,New,Lost,40,11000.0,2025-12-01,Shady Moussa,Nishar,0,,,2025-12-01,Lost,"Business Unit: Trading | End User: Zamil Offshore Construction Ltd | Industry: Oil & Gas | Original Stage: Lost | Forecast GM: 30.0% / 3,300.00 | Delivery: 2025-07-07 | Must Win: Yes"
SS-25-0099,Service on Biffi actuator,,Replacement,Qualification,90,0.0,2024-09-01,Abdullah Lardhi,Abdulla,0,,,2024-09-01,Open,Business Unit: Service | End User: Service on Biffi actuator | Industry: Oil & Gas | Original Stage: Budgetary | Forecast GM: 65.0% / 0.00 | Delivery: 2025-07-07 | Must Win: Yes | Quality: Customer Name missing; Account inferred from End User; Deal Name missing; Gross value missing
SS-25-0098,EISENMANN SAUDI ARABIA Industrial,Supply gas analyser flammable and toxic and oxygen gases,New,Lost,70,28080.0,2025-10-01,Shady Moussa,Nishar,0,,,2025-10-01,Lost,"Business Unit: Trading | End User: CEER | Industry: Materials | Original Stage: Lost | Forecast GM: 30.0% / 8,424.00 | Delivery: 2025-11-01 | Must Win: Yes"
SS-25-0097,Tepco,SIRI assessment,New,Proposal,90,30000.0,2025-09-01,Abdullah Lardhi,Abdulla Lardhi,0,,PO under process,2025-09-01,Open,"Business Unit: Service | End User: Tepco | Industry: Materials | Original Stage: Firm | Forecast GM: 85.0% / 8,500.00 | Delivery: 2025-11-25 | Must Win: Yes | Quality: Customer Name missing; Account inferred from End User; Source GM value differs materially from Gross × GM %"
SS-25-0096,REQ - 910 | Ultrasonic Flowmeter | 02 Nos,Ultrasonic Flowmeter,New,Proposal,70,150000.0,2024-12-01,Basith Ahmed,Rania,0,,,2024-12-01,Open,"Business Unit: Trading | End User: REQ - 910 | Ultrasonic Flowmeter | 02 Nos | Industry: Petrochemical | Original Stage: Firm | Forecast GM: 20.0% / 30,000.00 | Delivery: 2026-07-14 | Must Win: Yes | Quality: Customer Name missing; Account inferred from End User"
SS-25-0095,Ash Sharqiyah Operation and Maintenance Co. LLC,Calibreration Qsonic and replace spare parts,New,Qualification,70,318837.0,2027-02-01,Shady Moussa,Nishar,0,,,2027-02-01,Open,"Business Unit: Trading | End User: ARAMCO | Industry: Oil & Gas | Original Stage: Budgetary | Forecast GM: 30.0% / 572,380.29 | Delivery: 2025-06-05 | Must Win: Yes | Quality: Source GM value differs materially from Gross × GM %"
SS-25-0094,Aramco-Saudi Arabian Oil Company,Supply & Install Q.SONIC Flow meters & FC,New,On Hold,70,9505162.51,2027-05-01,Shady Moussa,Rania,0,,,2027-05-01,On Hold,"Business Unit: Project | End User: Aramco-Saudi Arabian Oil Company | Industry: Oil & Gas | Original Stage: On-Hold | Forecast GM: 35.0% / 34,380,375.00 | Delivery: 2027-03-04 | Must Win: Yes | Quality: Source GM value differs materially from Gross × GM %"
SS-25-0093,Shedgum Gas Compression Pipeline - Package-3,RFQ-SFGC- PKG3-033 SUPPLY OF FIELD INSTRUMENTS,New,Proposal,20,3210000.0,2026-08-01,Abdullah Lardhi,Rania,0,,,2026-08-01,Open,"Business Unit: Trading | End User: Shedgum Gas Compression Pipeline - Package-3 | Industry: Oil & Gas | Original Stage: Firm | Forecast GM: 7.0% / 210,000.00 | Delivery: 2027-06-16 | Must Win: Yes | Quality: Customer Name missing; Account inferred from End User; Source GM value differs materially from Gross × GM %"
SS-25-0092,AL MEER,Replacement of transducer-N2 metric skid flowmeter,New,Lost,70,113254.97,2026-02-01,Shady Moussa,Rania,0,,,2026-02-01,Lost,"Business Unit: Trading | End User: Aramco | Industry: Oil & Gas | Original Stage: Canceled | Forecast GM: 25.0% / 28,313.74 | Delivery: 2025-08-03 | Must Win: Yes"
SS-25-0091,Eman Future Trading Company,DM 40R25-40,Replacement,Qualification,70,8070.0,2025-12-01,Ahmed Al Bojbarah,Rania,0,,,2025-12-01,Open,"Business Unit: Trading | End User: Eman Future Trading Company | Industry: Oil & Gas | Original Stage: Budgetary | Forecast GM: 30.0% / 2,421.00 | Delivery: 2025-12-25 | Must Win: Yes | Quality: Customer Name missing; Account inferred from End User"
SS-25-0090,Saudi Electricity Company-SEC,"Rfx No. 4000082056 , Test Calib &Rep of Gas Flowmeters at SE",New,Lost,70,0.0,2025-12-01,Shady Moussa,Rania,0,,,2025-12-01,Lost,Business Unit: Trading | End User: Saudi Electricity Company-SEC | Industry: Power & Water | Original Stage: Canceled | Forecast GM: 25.0% / 0.00 | Delivery: 2026-01-15 | Must Win: Yes | Quality: Gross value missing
SS-25-0089,Fixed Gas Detector,,New,Qualification,90,650000.0,2025-09-01,Abdullah Lardhi,Rania,0,,,2025-09-01,Open,"Business Unit: Trading | End User: Fixed Gas Detector | Industry: Chemical | Original Stage: Budgetary | Forecast GM: 20.0% / 45,000.00 | Delivery: 2025-06-19 | Must Win: Yes | Quality: Customer Name missing; Account inferred from End User; Deal Name missing; Source GM value differs materially from Gross × GM %"
SS-25-0088,Royal commissiong,,New,Proposal,90,15000.0,2025-06-01,Abdullah Lardhi,Abdulla,0,,,2025-06-01,Open,"Business Unit: Service | End User: Royal commissiong | Industry: Materials | Original Stage: Firm | Forecast GM: 45.0% / 10,000.00 | Delivery: 2025-06-19 | Must Win: Yes | Quality: Customer Name missing; Account inferred from End User; Deal Name missing; Source GM value differs materially from Gross × GM %"
SS-25-0087,sa7733mt25,,New,Proposal,70,250000.0,2025-08-01,Abdullah Lardhi,Rania,0,,,2025-08-01,Open,"Business Unit: Trading | End User: sa7733mt25 | Industry: Oil & Gas | Original Stage: Firm | Forecast GM: 20.0% / 50,000.00 | Delivery: 2025-06-18 | Must Win: Yes | Quality: Customer Name missing; Account inferred from End User; Deal Name missing"
SS-25-0086,SABIC- Ibn zahr,,New,Qualification,90,500000.0,2026-08-01,,Rania,0,,,2026-08-01,Open,"Business Unit: Trading | End User: SABIC- Ibn zahr | Industry: Petrochemical | Original Stage: Budgetary | Forecast GM: 15.0% / 75,000.00 | Delivery: 2027-05-11 | Must Win: Yes | Quality: Customer Name missing; Account inferred from End User; Deal Name missing; Salesman missing"
SS-25-0085,Saudi Water Partner Company (SWPC),Field instrument for RIYADH-QASSIM INDEPENDENT WATER TRANSMI,New,Qualification,70,800000.0,2025-12-01,Ahmed Al Bojbarah,Rania,0,,,2025-12-01,Open,"Business Unit: Project | End User: Saudi Water Partner Company (SWPC) | Industry: Power & Water | Original Stage: Budgetary | Forecast GM: 20.0% / 250,000.00 | Delivery: 2025-12-25 | Must Win: Yes | Quality: Customer Name missing; Account inferred from End User; Source GM value differs materially from Gross × GM %"
SS-25-0084,Maaden Aluminium Company,AFV Spare parts,New,Awarded,70,13614.9,2025-05-01,Shady Moussa,Rania,0,,,2025-05-01,Won,"Business Unit: Trading | End User: Maaden Aluminium Company | Industry: Oil & Gas | Original Stage: Won | Forecast GM: 30.0% / 4,084.47 | Delivery: 2025-12-31 | Must Win: Yes"
SS-25-0083,SABIC,Supply E & H Folw Meter & Transmitter,New,Lost,70,0.0,2025-08-01,Shady Moussa,Rania,0,,,2025-08-01,Lost,Business Unit: Trading | End User: SABIC | Industry: Oil & Gas | Original Stage: Canceled | Forecast GM: 30.0% / 0.00 | Delivery: 2025-09-10 | Must Win: Yes | Quality: Gross value missing
SS-25-0082,,5500745642,New,Proposal,90,1500.0,2025-01-01,Khalid Al Sayari,Abdulla,0,,,2025-01-01,Open,Business Unit: Trading | Industry: Oil & Gas | Original Stage: Firm | Forecast GM: 30.0% / 450.00 | Delivery: 2025-10-05 | Must Win: Yes | Quality: Customer Name and End User missing
SS-25-0081,,Siemens Spares,New,Qualification,90,0.0,2025-08-01,,Rania,0,,,2025-08-01,Open,Business Unit: Trading | Industry: Oil & Gas | Original Stage: Budgetary | Forecast GM: 35.0% / 0.00 | Delivery: 2025-06-03 | Must Win: Yes | Quality: Customer Name and End User missing; Gross value missing; Salesman missing
SS-25-0080,,"ITS Intelligent Transportation System for ""Development of Je",New,Proposal,40,56700000.0,2025-12-01,,Rania,0,,,2025-12-01,Open,"Business Unit: Project | Industry: Oil & Gas | Original Stage: Firm | Forecast GM: 5.0% / 2,700,000.00 | Delivery: 2025-06-02 | Must Win: Yes | Quality: Customer Name and End User missing; Salesman missing"
SS-25-0079,ARAMCO,REPLACE BMS AT CDC,New,Proposal,70,3522309.55,2025-09-01,,Rania,0,,,2025-09-01,Open,"Business Unit: Project | End User: ARAMCO | Industry: Oil & Gas | Original Stage: Firm | Forecast GM: 20.0% / 704,461.91 | Delivery: 2025-06-02 | Must Win: Yes | Quality: Customer Name missing; Account inferred from End User; Salesman missing"
SS-25-0078,,Supply of pressuer gauge,New,Proposal,70,160500.0,2025-07-01,Ahmed Al Bojbarah,Rania,0,,,2025-07-01,Open,"Business Unit: Trading | Industry: Oil & Gas | Original Stage: Firm | Forecast GM: 20.0% / 32,100.00 | Delivery: 2025-09-22 | Must Win: Yes | Quality: Customer Name and End User missing"
SS-25-0077,,Warranty extension,New,Proposal,90,3000.0,2024-06-01,Abdullah Lardhi,Nishar,0,,,2024-06-01,Open,"Business Unit: Service | Industry: Petrochemical | Original Stage: Firm | Forecast GM: 15.0% / 1,500.00 | Delivery: 2025-06-24 | Must Win: Yes | Quality: Customer Name and End User missing; Source GM value differs materially from Gross × GM %"
SS-25-0076,,PLC programming,Upgrade,Proposal,90,25000.0,2024-06-01,Abdullah Lardhi,Rania,0,,,2024-06-01,Open,"Business Unit: Service | Industry: Materials | Original Stage: Firm | Forecast GM: 80.0% / 20,000.00 | Delivery: 2025-06-01 | Must Win: Yes | Quality: Customer Name and End User missing"
SS-25-0075,Aramco,IMI 2030 - Material Prices - ​​HULL AND CANTILEVER INSTRUME,New,Qualification,90,0.0,2025-12-01,Ahmed Al Bojbarah,Nishar,0,,,2025-12-01,Open,"Business Unit: Trading | End User: Aramco | Industry: Oil & Gas | Original Stage: Budgetary | Forecast GM: 20.0% / 1,600,000.00 | Delivery: 2025-12-16 | Must Win: Yes | Quality: Customer Name missing; Account inferred from End User; Gross value missing"
SS-25-0074,SEC,"Upgrading of SPP Stage II DCS, Unit and BOP PLCs",Replacement,Lost,70,0.0,2026-01-01,Shady Moussa,MOHAMED SALIMKHAN,0,,Project will be under TCO but handled by Saudi Sensing and to work with Yokogawa,2026-01-01,Lost,"Business Unit: Project | End User: SEC- Shoaiba PP | Industry: Power & Water | Original Stage: Canceled | Forecast GM: 20.0% / 7,500,000.00 | Delivery: 2027-12-19 | Must Win: Yes | Quality: Gross value missing"
SS-25-0073,,SA7755MT25 (Q5-115),New,Proposal,70,18000.0,2025-08-01,Abdullah Lardhi,Nishar,0,,,2025-08-01,Open,"Business Unit: Trading | Industry: Oil & Gas | Original Stage: Firm | Forecast GM: 25.0% / 4,500.00 | Delivery: 2026-03-11 | Must Win: No | Quality: Customer Name and End User missing"
SS-25-0072,Zamil Offshore Construction Ltd,RFQ - LB9 - PR#177137 - Siemens,New,Lost,70,0.0,2025-07-01,Shady Moussa,Rania,0,,,2025-07-01,Lost,Business Unit: Trading | End User: Zamil Offshore Construction Ltd | Industry: Oil & Gas | Original Stage: Canceled | Forecast GM: 30.0% / 0.00 | Delivery: 2025-08-31 | Must Win: No | Quality: Gross value missing
SS-25-0071,Al Manhal Waters Factory Company,Al Manhal Waters Factory Company,New,Lost,70,78000.0,2026-02-01,Shady Moussa,Rania,0,,,2026-02-01,Lost,"Business Unit: Service | End User: Al Manhal Waters Factory Company | Industry: Food & Beverage | Original Stage: Canceled | Forecast GM: 400.0% / 312,000.00 | Delivery: 2026-03-04 | Must Win: Yes"
SS-25-0070,Al Manhal Waters Factory Company,Supply SIEMENS Spare Products,New,Lost,70,77913.95,2026-02-01,Shady Moussa,Nishar,0,,,2026-02-01,Lost,"Business Unit: Trading | End User: Al Manhal Waters Factory Company | Industry: Food & Beverage | Original Stage: Canceled | Forecast GM: 35.0% / 175,566.04 | Delivery: 2025-02-10 | Must Win: Yes | Quality: Source GM value differs materially from Gross × GM %"
SS-25-0069,Gulf Cryo Saudi for Industrial & Medical Gases Company,PRE-FEED FOR SPARK PHASE 1-A (H2 TECHNOLOGIES CENTER & GAS P,New,Qualification,70,1200000.0,2025-11-01,Mohammed Nishar,Nishar,0,,,2025-11-01,Open,"Business Unit: Trading | End User: Gulf Cryo Saudi for Industrial & Medical Gases Company | Industry: Materials | Original Stage: Budgetary | Forecast GM: 20.0% / 1,200,000.00 | Delivery: 2026-06-15 | Must Win: Yes | Quality: Customer Name missing; Account inferred from End User; Source GM value differs materially from Gross × GM %"
SS-25-0068,Allamaa Factory,Building-Up Control System Of Glass Painting Machine,New,Lost,70,49875.66,2025-12-01,Shady Moussa,Rania,0,,,2025-12-01,Lost,"Business Unit: Project | End User: Allamaa Factory | Industry: Materials | Original Stage: Canceled | Forecast GM: 30.0% / 14,962.70 | Delivery: 2026-01-15 | Must Win: Yes"
SS-25-0067,SEC-ARAR-RAFHA-AL JOUF PP,Overfill Protection System & Tank Gauging,Upgrade,Qualification,40,3200000.0,2026-06-01,Basith Ahmed,Shady Mousa,0,,Made site visit and budgetary proposal to be submit before 29 May 2025.,2026-06-01,Open,"Business Unit: Project | End User: SEC-ARAR-RAFHA-AL JOUF PP | Industry: Power & Water | Original Stage: Budgetary | Forecast GM: 20.0% / 640,000.00 | Delivery: 2027-08-31 | Must Win: Yes | Quality: Customer Name missing; Account inferred from End User"
SS-25-0066,Saudi Iron & Steel company (Hadeed),SUPPLY SWITCH LEVEL E&H,New,Lost,70,0.0,2025-08-01,Shady Moussa,RANIA,0,,,2025-08-01,Lost,Business Unit: Trading | End User: Saudi Iron & Steel company (Hadeed) | Industry: Petrochemical | Original Stage: Canceled | Forecast GM: 30.0% / 0.00 | Delivery: 2025-09-10 | Must Win: Yes | Quality: Gross value missing
SS-25-0065,,5500738168,Replacement,Proposal,40,468750.0,2025-06-01,Abdullah Lardhi,Rania,0,,,2025-06-01,Open,"Business Unit: Project | Industry: Oil & Gas | Original Stage: Firm | Forecast GM: 25.0% / 93,750.00 | Delivery: 2025-12-31 | Must Win: Yes | Quality: Customer Name and End User missing; Source GM value differs materially from Gross × GM %"
SS-25-0064,,6000480450,Replacement,Proposal,70,600000.0,2025-06-01,Khalid Al Sayari,Khalid,0,,,2025-06-01,Open,"Business Unit: Trading | Industry: Oil & Gas | Original Stage: Firm | Forecast GM: 10.0% / 60,000.00 | Delivery: 2025-12-31 | Must Win: Yes | Quality: Customer Name and End User missing"
SS-25-0063,Advanced industrial model Company AIM,Supply conductivity & PH sensor with cables,New,Lost,70,0.0,2025-06-01,Shady Moussa,Nishar,0,,,2025-06-01,Lost,Business Unit: Trading | End User: NEOM | Industry: Power & Water | Original Stage: Canceled | Forecast GM: 30.0% / 0.00 | Delivery: 2025-06-30 | Must Win: Yes | Quality: Gross value missing
SS-25-0062,Advanced industrial model Company AIM,Supply conductivity & PH sensor with cables,New,Lost,70,0.0,2025-06-01,Shady Moussa,Nishar,0,,,2025-06-01,Lost,Business Unit: Trading | End User: NEOM | Industry: Power & Water | Original Stage: Canceled | Forecast GM: 30.0% / 0.00 | Delivery: 2025-06-30 | Must Win: Yes | Quality: Gross value missing
SS-25-0061,Aramco Karan,4203212363,Replacement,Proposal,70,117875.0,2025-11-01,Khalid Al Sayari,Khalid,0,,,2025-11-01,Open,"Business Unit: Trading | End User: Aramco Karan | Industry: Oil & Gas | Original Stage: Firm | Forecast GM: 15.0% / 15,375.00 | Delivery: 2026-08-25 | Must Win: Yes | Quality: Customer Name missing; Account inferred from End User; Source GM value differs materially from Gross × GM %"
SS-25-0060,Yansab,5500729509,Replacement,Proposal,70,850000.0,2025-08-01,Basith Ahmed,Rania,0,,,2025-08-01,Open,"Business Unit: Project | End User: Yansab | Industry: Petrochemical | Original Stage: Firm | Forecast GM: 25.0% / 162,500.00 | Delivery: 2026-04-28 | Must Win: Yes | Quality: Customer Name missing; Account inferred from End User; Source GM value differs materially from Gross × GM %"
SS-25-0059,Aramco Khurais,Training on A-manager software,New,Qualification,90,6000.0,2025-08-01,Abdullah Lardhi,Abdulla,0,,,2025-08-01,Open,"Business Unit: Service | End User: Aramco Khurais | Industry: Oil & Gas | Original Stage: Budgetary | Forecast GM: 80.0% / 5,400.00 | Delivery: 2025-08-19 | Must Win: Yes | Quality: Customer Name missing; Account inferred from End User; Source GM value differs materially from Gross × GM %"
SS-25-0058,Yansab,5500729457,Replacement,Qualification,70,850000.0,2025-12-01,Basith Ahmed,Rania,0,,,2025-12-01,Open,"Business Unit: Project | End User: Yansab | Industry: Petrochemical | Original Stage: Budgetary | Forecast GM: 25.0% / 162,500.00 | Delivery: 2026-06-23 | Must Win: Yes | Quality: Customer Name missing; Account inferred from End User; Source GM value differs materially from Gross × GM %"
SS-25-0057,Saudi Electricity Company-SEC,"Supply THERMOCOUPLE,TEMPERATURE",New,Lost,70,0.0,2025-07-01,Shady Moussa,Rania,0,,,2025-07-01,Lost,Business Unit: Trading | End User: Saudi Electricity Company-SEC | Industry: Power & Water | Original Stage: Canceled | Forecast GM: 25.0% / 0.00 | Delivery: 2025-08-10 | Must Win: Yes | Quality: Gross value missing
SS-25-0056,Saudi Electricity Company-SEC,"Supply GAUGE,DIFFERENTIAL PRESSURE: RANGE: 0 TO 76",New,Lost,70,0.0,2025-07-01,Shady Moussa,Rania,0,,,2025-07-01,Lost,Business Unit: Trading | End User: Saudi Electricity Company-SEC | Industry: Power & Water | Original Stage: Canceled | Forecast GM: 25.0% / 0.00 | Delivery: 2025-08-10 | Must Win: Yes | Quality: Gross value missing
SS-25-0055,SHINE COPMANY LTD,Supply Switch Level,New,Lost,70,0.0,2025-07-01,Shady Moussa,Rania,0,,,2025-07-01,Lost,Business Unit: Trading | End User: Marafiq | Industry: Power & Water | Original Stage: Canceled | Forecast GM: 30.0% / 0.00 | Delivery: 2025-08-05 | Must Win: Yes | Quality: Gross value missing
SS-25-0054,Aramco-Saudi Arabian Oil Company,Supply Magnetic Flow meter,New,On Hold,70,0.0,2025-08-01,Shady Moussa,Nishar,0,,,2025-08-01,On Hold,Business Unit: Trading | End User: Aramco-Saudi Arabian Oil Company | Industry: Oil & Gas | Original Stage: On-Hold | Forecast GM: 30.0% / 0.00 | Delivery: 2025-09-11 | Must Win: Yes | Quality: Gross value missing
SS-25-0053,Aramco-Saudi Arabian Oil Company,Supply & Install FLOWMETER VARIABLE AREA ROTAMETER,New,On Hold,70,0.0,2025-11-01,Shady Moussa,Nishar,0,,,2025-11-01,On Hold,Business Unit: Trading | End User: Aramco-Saudi Arabian Oil Company | Industry: Oil & Gas | Original Stage: On-Hold | Forecast GM: 30.0% / 0.00 | Delivery: 2025-12-10 | Must Win: Yes | Quality: Gross value missing
SS-25-0052,,4203177449,Upgrade,Proposal,90,397719.0,2025-07-01,Abdullah Lardhi,Abdulla,0,,,2025-07-01,Open,"Business Unit: Trading | Industry: Oil & Gas | Original Stage: Firm | Forecast GM: 25.0% / 79,543.00 | Delivery: 2025-03-18 | Must Win: Yes | Quality: Customer Name and End User missing; Source GM value differs materially from Gross × GM %"
SS-25-0051,Al Yamama Company,Electrical requirement 1005,New,Proposal,70,0.0,2025-07-01,Ahmed Al Bojbarah,,0,,,2025-07-01,Open,Business Unit: Trading | End User: Al Yamama Company | Industry: Materials | Original Stage: Firm | Forecast GM: 0.0% / 0.00 | Delivery: 2025-08-31 | Must Win: No | Quality: Customer Name missing; Account inferred from End User; Gross value missing; GM % missing; Assigned To missing
SS-25-0050,Aramco-Saudi Arabian Oil Company,Supply & Services of Supervisory System,New,Qualification,70,0.0,2025-11-01,Shady Moussa,Nishar,0,,,2025-11-01,Open,"Business Unit: Service | End User: Aramco-Saudi Arabian Oil Company | Industry: Oil & Gas | Original Stage: Budgetary | Forecast GM: 35.0% / 900,000.00 | Delivery: 2025-12-15 | Must Win: Yes | Quality: Gross value missing"
SS-25-0049,,6000553931,New,Proposal,90,13500.0,2024-04-01,Abdullah Lardhi,Rania,0,,,2024-04-01,Open,"Business Unit: Trading | Industry: Power & Water | Original Stage: Firm | Forecast GM: 35.0% / 3,500.00 | Delivery: 2025-04-13 | Must Win: Yes | Quality: Customer Name and End User missing; Source GM value differs materially from Gross × GM %"
SS-25-0048,Saudi Aramco,RFQ VA-001-23 Inst-G01--- ROTAMETER & RFQ VA-001-23 Inst-G06,New,Qualification,70,0.0,2026-05-01,Ahmed Al Bojbarah,,0,,,2026-05-01,Open,Business Unit: Trading | End User: Saudi Aramco | Industry: Oil & Gas | Original Stage: Budgetary | Forecast GM: 35.0% / 0.00 | Delivery: 2026-05-30 | Must Win: Yes | Quality: Customer Name missing; Account inferred from End User; Gross value missing; Assigned To missing
SS-25-0047,Aramco,QUOTATION REQUEST FOR INSTRUMENTS,New,Qualification,70,0.0,2025-12-01,Ahmed Al Bojbarah,Nishar,0,,,2025-12-01,Open,Business Unit: Trading | End User: Aramco | Industry: Oil & Gas | Original Stage: Budgetary | Forecast GM: 30.0% / 0.00 | Delivery: 2026-01-30 | Must Win: Yes | Quality: Customer Name missing; Account inferred from End User; Gross value missing
SS-25-0046,Saudi Electricity Company-SEC,Supply Gas Analyzer & Press regulator,New,Lost,70,0.0,2025-06-01,Shady Moussa,Rania,0,,,2025-06-01,Lost,Business Unit: Trading | End User: Saudi Electricity Company-SEC | Industry: Power & Water | Original Stage: Canceled | Forecast GM: 30.0% / 0.00 | Delivery: 2025-07-10 | Must Win: Yes | Quality: Gross value missing
SS-25-0045,Saudi Electricity Company-SEC,SUPPLY INDUSTRIAL MULTIMETER WITH ALL ACCESSORIES,New,Lost,70,0.0,2025-06-01,Shady Moussa,Rania,0,,,2025-06-01,Lost,"Business Unit: Trading | End User: Saudi Electricity Company-SEC | Industry: Power & Water | Original Stage: Canceled | Forecast GM: 30.0% / 80,000.00 | Delivery: 2025-07-10 | Must Win: Yes | Quality: Gross value missing"
SS-25-0044,SHINE COPMANY LTD,Supply VEGA LT,New,Lost,70,0.0,2025-06-01,Shady Moussa,Nishar,0,,,2025-06-01,Lost,Business Unit: Trading | End User: SHINE COPMANY LTD | Industry: Oil & Gas | Original Stage: Canceled | Forecast GM: 30.0% / 0.00 | Delivery: 2025-07-10 | Must Win: Yes | Quality: Gross value missing
SS-25-0043,,KAFD-STOM-013341,Replacement,Proposal,90,17712.0,2025-06-01,Khalid Al Sayari,KHALID,0,,,2025-06-01,Open,"Business Unit: Trading | Industry: Power & Water | Original Stage: Firm | Forecast GM: 35.0% / 4,592.00 | Delivery: 2025-12-30 | Must Win: Yes | Quality: Customer Name and End User missing; Source GM value differs materially from Gross × GM %"
SS-25-0042,,UGOSP-8 MOV-3025G BIFFI REP,Upgrade,Qualification,90,120150.5,2025-12-01,Khalid Al Sayari,khalid,0,,,2025-12-01,Open,"Business Unit: Trading | Industry: Oil & Gas | Original Stage: Budgetary | Forecast GM: 35.0% / 42,049.60 | Delivery: 2026-11-17 | Must Win: Yes | Quality: Customer Name and End User missing"
SS-25-0041,Global pipe,Site Survey,New,Lost,70,11500.0,2025-07-01,Shady Moussa,Shady,0,,,2025-07-01,Lost,"Business Unit: Service | End User: Global pipe | Industry: Oil & Gas | Original Stage: Canceled | Forecast GM: 80.0% / 23,000.00 | Delivery: 2025-07-10 | Must Win: Yes | Quality: Source GM value differs materially from Gross × GM %"
SS-25-0040,Barq Al Mostaqbal Co.,Supply Instruments,New,Lost,70,0.0,2025-06-01,Shady Moussa,Rania,0,,,2025-06-01,Lost,Business Unit: Trading | End User: SWCC | Industry: Power & Water | Original Stage: Canceled | Forecast GM: 30.0% / 0.00 | Delivery: 2025-03-08 | Must Win: Yes | Quality: Gross value missing
SS-25-0039,Saudi Tabreed Operation And Maintenance Company (STOM),Supply Smart Positioner (Control Valve),New,Lost,70,0.0,2025-06-01,Shady Moussa,Nishar,0,,,2025-06-01,Lost,Business Unit: Trading | End User: Saudi Tabreed Operation And Maintenance Company (STOM) | Industry: Oil & Gas | Original Stage: Canceled | Forecast GM: 30.0% / 0.00 | Delivery: 2025-07-10 | Must Win: Yes | Quality: Gross value missing
SS-25-0038,Nesma Partners Contracting Co.,Supply GATE VALVE ZV,New,Lost,70,0.0,2025-05-01,Shady Moussa,Nishar,0,,,2025-05-01,Lost,Business Unit: Trading | End User: Aramco | Industry: Oil & Gas | Original Stage: Canceled | Forecast GM: 30.0% / 0.00 | Delivery: 2025-03-04 | Must Win: No | Quality: Gross value missing
SS-25-0037,,ELECTRIC ACTUATOR WITH GEARBOX (NEOM'S URGENT REQUIREMENT),Replacement,Proposal,70,83025.0,2025-03-01,Abdullah Lardhi,khalid,0,,,2025-03-01,Open,"Business Unit: Trading | Industry: Power & Water | Original Stage: Firm | Forecast GM: 35.0% / 21,525.00 | Delivery: 2025-09-27 | Must Win: Yes | Quality: Customer Name and End User missing; Source GM value differs materially from Gross × GM %"
SS-25-0036,Saudi Iron & Steel company (Hadeed),SUPPLY PRESSURE REGULATOR,New,Lost,70,55000.0,2025-03-01,Shady Moussa,Nishar,0,,,2025-03-01,Lost,"Business Unit: Trading | End User: Saudi Iron & Steel company (Hadeed) | Industry: Oil & Gas | Original Stage: Lost | Forecast GM: 30.0% / 16,500.00 | Delivery: 2025-03-29 | Must Win: Yes"
SS-25-0035,Zamil Offshore Construction Ltd,Supply SIEMENS Products,New,Awarded,70,111871.0,2025-04-01,Shady Moussa,Nishar,0,,,2025-04-01,Won,"Business Unit: Trading | End User: Zamil Offshore Construction Ltd | Industry: Oil & Gas | Original Stage: Won | Forecast GM: 30.0% / 33,561.30 | Delivery: 2025-05-15 | Must Win: Yes"
SS-25-0034,,RFQ/ From Lucid Motors X,New,Proposal,70,15000.0,2025-06-01,Abdullah Lardhi,Abdulla,0,,,2025-06-01,Open,"Business Unit: Service | Industry: Materials | Original Stage: Firm | Forecast GM: 80.0% / 10,000.00 | Delivery: 2025-07-15 | Must Win: Yes | Quality: Customer Name and End User missing; Source GM value differs materially from Gross × GM %"
SS-25-0033,,Biffi Actuators Info,Upgrade,Qualification,90,120151.32,2025-05-01,Abdullah Lardhi,khalid,0,,RFQ will be created,2025-05-01,Open,"Business Unit: Trading | Industry: Oil & Gas | Original Stage: Budgetary | Forecast GM: 35.0% / 42,052.90 | Delivery: 2026-01-13 | Must Win: Yes | Quality: Customer Name and End User missing"
SS-25-0032,,Supply labtop -A-manager software & cable,New,Qualification,90,11500.0,2025-08-01,Abdullah Lardhi,Abdulla,0,,,2025-08-01,Open,"Business Unit: Trading | Industry: Oil & Gas | Original Stage: Budgetary | Forecast GM: 35.0% / 12,000.00 | Delivery: 2025-10-15 | Must Win: Yes | Quality: Customer Name and End User missing; Source GM value differs materially from Gross × GM %"
SS-25-0031,Jubail O & M Limited Co.,Honeywell validation services,Upgrade,Awarded,70,56700.0,2025-04-01,Shady Moussa,Nishar,0,,,2025-04-01,Won,"Business Unit: Service | End User: Marrafiq IWPP | Industry: Power & Water | Original Stage: Won | Forecast GM: 25.0% / 69,767.00 | Delivery: 2025-04-15 | Must Win: Yes | Quality: Source GM value differs materially from Gross × GM %"
SS-25-0030,Industrial Chemicals & Resins Co.,Supply & Install Radar LT and PLC system,New,Lost,70,34100.0,2026-03-01,Shady Moussa,Nishar,0,,,2026-03-01,Lost,"Business Unit: Project | End User: Industrial Chemicals & Resins Co. | Industry: Oil & Gas | Original Stage: Canceled | Forecast GM: 35.0% / 764,600.00 | Delivery: 2025-02-17 | Must Win: Yes | Quality: Source GM value differs materially from Gross × GM %"
SS-25-0029,,RFQ - MOV-001 Electric actuator,Replacement,Qualification,70,88188.0,2025-09-01,Khalid Al Sayari,khalid,0,,,2025-09-01,Open,"Business Unit: Trading | Industry: Oil & Gas | Original Stage: Budgetary | Forecast GM: 35.0% / 22,863.00 | Delivery: 2026-04-14 | Must Win: Yes | Quality: Customer Name and End User missing; Source GM value differs materially from Gross × GM %"
SS-25-0028,Aramco-Saudi Arabian Oil Company,Supply & Services of Supervisory System,Upgrade,Qualification,70,820621.0,2026-09-01,Shady Moussa,Shady,0,,,2026-09-01,Open,"Business Unit: Trading | End User: Aramco-Saudi Arabian Oil Company | Industry: Oil & Gas | Original Stage: Budgetary | Forecast GM: 35.0% / 287,217.35 | Delivery: 2025-09-15 | Must Win: Yes"
SS-25-0027,,RFP-C001589504,New,Lost,70,52191.0,2025-04-01,Shady Moussa,Shady,0,,,2025-04-01,Lost,"Business Unit: Trading | Industry: Power & Water | Original Stage: Canceled | Forecast GM: 30.0% / 13,531.00 | Delivery: 2025-08-20 | Must Win: Yes | Quality: Customer Name and End User missing; Source GM value differs materially from Gross × GM %"
SS-25-0026,,MOV-001 Electric actuator,Replacement,Qualification,90,83025.0,2025-09-01,Khalid Al Sayari,Khalid,0,,,2025-09-01,Open,"Business Unit: Trading | Industry: Oil & Gas | Original Stage: Budgetary | Forecast GM: 35.0% / 21,525.00 | Delivery: 2026-05-13 | Must Win: Yes | Quality: Customer Name and End User missing; Source GM value differs materially from Gross × GM %"
SS-25-0025,Industrial Chemicals & Resins Co.,Supply & Install PLC,New,Lost,70,15000.0,2024-03-01,Shady Moussa,Nishar,0,,,2024-03-01,Lost,"Business Unit: Project | End User: Industrial Chemicals & Resins Co. | Industry: Chemical | Original Stage: Canceled | Forecast GM: 30.0% / 4,500.00 | Delivery: 2025-02-04 | Must Win: Yes"
SS-25-0024,,6000207404,New,Proposal,70,10000.0,2025-04-01,Abdullah Lardhi,Nishar,0,,,2025-04-01,Open,"Business Unit: Trading | Industry: Oil & Gas | Original Stage: Firm | Forecast GM: 35.0% / 3,500.00 | Delivery: 2025-02-04 | Must Win: Yes | Quality: Customer Name and End User missing"
SS-25-0023,,Operation and maintenance of the natural gas line of the ele,New,Proposal,70,337500.0,2025-03-01,Basith Ahmed,Nishar,0,,,2025-03-01,Open,"Business Unit: Project | Industry: Power & Water | Original Stage: Firm | Forecast GM: 35.0% / 87,500.00 | Delivery: 2025-04-06 | Must Win: Yes | Quality: Customer Name and End User missing; Source GM value differs materially from Gross × GM %"
SS-25-0022,,,New,Proposal,90,94968.0,2025-03-01,Abdullah Lardhi,Shady,0,,,2025-03-01,Open,"Business Unit: Trading | Industry: Power & Water | Original Stage: Firm | Forecast GM: 25.0% / 18,993.70 | Delivery: 2025-07-02 | Must Win: Yes | Quality: Customer Name and End User missing; Deal Name missing; Source GM value differs materially from Gross × GM %"
SS-25-0021,,6000480450,New,Proposal,70,501840.0,2025-08-01,Khalid Al Sayari,khalid,0,,,2025-08-01,Open,"Business Unit: Trading | Industry: Oil & Gas | Original Stage: Firm | Forecast GM: 20.0% / 83,640.00 | Delivery: 2026-03-24 | Must Win: Yes | Quality: Customer Name and End User missing; Source GM value differs materially from Gross × GM %"
SS-25-0020,,C001579565.,New,Proposal,40,3900.0,2025-03-01,Abdullah Lardhi,Nishar,0,,Decline from Yokogawa,2025-03-01,Open,Business Unit: Trading | Industry: Power & Water | Original Stage: Firm | Forecast GM: 30.0% / 900.00 | Delivery: 2025-06-23 | Must Win: Yes | Quality: Customer Name and End User missing; Source GM value differs materially from Gross × GM %
SS-25-0019,,C001579633,New,Proposal,70,7575.0,2025-05-01,Abdullah Lardhi,Nishar,0,,,2025-05-01,Open,"Business Unit: Trading | Industry: Power & Water | Original Stage: Firm | Forecast GM: 25.0% / 1,550.00 | Delivery: 2025-08-23 | Must Win: Yes | Quality: Customer Name and End User missing; Source GM value differs materially from Gross × GM %"
SS-25-0018,,5500690996,New,Proposal,90,63425.0,2025-04-01,Mohammed Nishar,NISHAR,0,,,2025-04-01,Open,"Business Unit: Trading | Industry: Petrochemical | Original Stage: Firm | Forecast GM: 25.0% / 9,513.00 | Delivery: 2025-08-23 | Must Win: Yes | Quality: Customer Name and End User missing; Source GM value differs materially from Gross × GM %"
SS-25-0017,,Biffi actuator MOV-6007,Replacement,Qualification,90,135975.0,2025-09-01,Khalid Al Sayari,KHALID,0,,,2025-09-01,Open,"Business Unit: Trading | Industry: Oil & Gas | Original Stage: Budgetary | Forecast GM: 30.0% / 40,792.00 | Delivery: 2026-03-24 | Must Win: Yes | Quality: Customer Name and End User missing"
SS-25-0016,,MOV-037 MOTOR ASSEMBLY REPLACEMENT,Replacement,Qualification,90,203090.0,2025-08-01,Khalid Al Sayari,KHALID,0,,,2025-08-01,Open,"Business Unit: Trading | Industry: Oil & Gas | Original Stage: Budgetary | Forecast GM: 30.0% / 60,927.00 | Delivery: 2026-02-17 | Must Win: Yes | Quality: Customer Name and End User missing"
SS-25-0015,,Inquiry BIFFI Actuator,New,Qualification,90,69413.42,2025-10-01,Khalid Al Sayari,KHALID,0,,,2025-10-01,Open,"Business Unit: Trading | Industry: Oil & Gas | Original Stage: Budgetary | Forecast GM: 35.0% / 24,249.00 | Delivery: 2026-05-27 | Must Win: Yes | Quality: Customer Name and End User missing"
SS-25-0014,,limit switch replacement,Replacement,Qualification,90,5054.0,2025-08-01,Khalid Al Sayari,Khalid,0,,,2025-08-01,Open,"Business Unit: Trading | Industry: Oil & Gas | Original Stage: Budgetary | Forecast GM: 35.0% / 1,310.00 | Delivery: 2025-10-22 | Must Win: Yes | Quality: Customer Name and End User missing; Source GM value differs materially from Gross × GM %"
SS-25-0013,,KSP- 331900.0 Water Meters,New,Qualification,40,1619330.0,2025-08-01,Abdullah Lardhi,Rania,0,,,2025-08-01,Open,"Business Unit: Trading | Industry: Power & Water | Original Stage: Budgetary | Forecast GM: 15.0% / 211,216.90 | Delivery: 2026-03-24 | Must Win: Yes | Quality: Customer Name and End User missing; Source GM value differs materially from Gross × GM %"
SS-25-0012,,CO2 Analyzer Upgrade (60QR-016),New,Proposal,40,720000.0,2025-06-01,Basith Ahmed,Rania,0,,site visit will be on 3rd of Feb.,2025-06-01,Open,"Business Unit: Project | Industry: Oil & Gas | Original Stage: Firm | Forecast GM: 20.0% / 120,000.00 | Delivery: 2026-02-17 | Must Win: Yes | Quality: Customer Name and End User missing; Source GM value differs materially from Gross × GM %"
SS-25-0011,,AL WUSTA GAS METERING STATION,New,Qualification,70,812500.0,2025-11-01,Abdullah Lardhi,Nishar,0,,,2025-11-01,Open,"Business Unit: Project | Industry: Oil & Gas | Original Stage: Budgetary | Forecast GM: 25.0% / 162,500.00 | Delivery: 2026-06-23 | Must Win: Yes | Quality: Customer Name and End User missing; Source GM value differs materially from Gross × GM %"
SS-25-0010,Al-Dossary Macaroni Factory,Repairing,Upgrade,Lost,40,716.0,2025-02-01,Shady Moussa,NISHAR,0,,,2025-02-01,Lost,Business Unit: Trading | End User: Al-Dossary Macaroni Factory | Industry: Food & Beverage | Original Stage: Canceled | Forecast GM: 30.0% / 165.00 | Delivery: 2025-02-15 | Must Win: No
SS-25-0009,,PLC,New,Lost,70,9375.0,2025-02-01,Abdullah Lardhi,NISHAR,0,,,2025-02-01,Lost,"Business Unit: Trading | Industry: Materials | Original Stage: Lost | Forecast GM: 25.0% / 5,625.00 | Delivery: 2025-03-01 | Must Win: No | Quality: Customer Name and End User missing; Source GM value differs materially from Gross × GM %"
SS-25-0008,,level sensor,New,Lost,40,7250.0,2025-06-01,Abdullah Lardhi,Nishar,0,,,2025-06-01,Lost,"Business Unit: Trading | Industry: Materials | Original Stage: Lost | Forecast GM: 25.0% / 1,450.00 | Delivery: 2025-09-30 | Must Win: No | Quality: Customer Name and End User missing; Source GM value differs materially from Gross × GM %"
SS-25-0007,,RFQ# 6000478416,New,Lost,40,46875.0,2025-03-01,Abdullah Lardhi,Nishar,0,,BID CLOSED BEFORE SUBMITTING THE OFFER,2025-03-01,Lost,"Business Unit: Trading | Industry: Oil & Gas | Original Stage: Lost | Forecast GM: 25.0% / 9,375.00 | Delivery: 2025-06-25 | Must Win: No | Quality: Customer Name and End User missing; Source GM value differs materially from Gross × GM %"
SS-25-0006,SEC,RFX4000080776-Re-habitation of Continuous Emission Monitorin,New,Proposal,90,5500000.0,2025-07-01,Basith Ahmed,Rania Alamin,0,,Waiting for Signed Contract From SEC,2025-07-01,Open,"Business Unit: Project | End User: SEC | Industry: Power & Water | Original Stage: Firm | Forecast GM: 15.0% / 825,000.00 | Delivery: 2026-12-31 | Must Win: Yes"
SS-25-0005,,RFQ# 6000478573,New,Lost,40,23000.0,2025-03-01,Abdullah Lardhi,,0,,could not have quotaion from supplier,2025-03-01,Lost,"Business Unit: Trading | Industry: Oil & Gas | Original Stage: Lost | Forecast GM: 15.0% / 3,000.00 | Delivery: 2025-09-30 | Must Win: Yes | Quality: Customer Name and End User missing; Source GM value differs materially from Gross × GM %; Assigned To missing"
SS-25-0004,,VIBRATION/DISPLACEMENT MONITOR,New,Lost,70,46875.0,2025-04-01,Abdullah Lardhi,Nishar,0,,did not receive quotaion from SHINKAWA,2025-04-01,Lost,"Business Unit: Trading | Industry: Power & Water | Original Stage: Lost | Forecast GM: 25.0% / 9,375.00 | Delivery: 2025-08-12 | Must Win: Yes | Quality: Customer Name and End User missing; Source GM value differs materially from Gross × GM %"
SS-25-0003,,Repairing rexroth power supply,New,Qualification,90,1500.0,2025-02-01,,Shady,0,,,2025-02-01,Open,"Business Unit: Trading | Industry: Materials | Original Stage: Budgetary | Forecast GM: 25.0% / 1,100.00 | Delivery: 2025-03-08 | Must Win: Yes | Quality: Customer Name and End User missing; Source GM value differs materially from Gross × GM %; Salesman missing"
SS-25-0002,,REMOTE TERMINAL UNIT (RTU) AT YANBU & JIZAN AREA,New,Qualification,70,3000000.0,2025-04-01,Ahmed Al Bojbarah,Nishar,0,,,2025-04-01,Open,"Business Unit: Project | Industry: Oil & Gas | Original Stage: Budgetary | Forecast GM: 20.0% / 500,000.00 | Delivery: 2025-10-08 | Must Win: Yes | Quality: Customer Name and End User missing; Source GM value differs materially from Gross × GM %"
SS-25-0001,,60016495,New,Lost,70,361520.0,2025-08-01,Abdullah Lardhi,khalid,0,,we received the offer from OEM after BCD,2025-08-01,Lost,"Business Unit: Trading | Industry: Power & Water | Original Stage: Lost | Forecast GM: 20.0% / 60,270.00 | Delivery: 2026-03-17 | Must Win: No | Quality: Customer Name and End User missing; Source GM value differs materially from Gross × GM %"
SS-2532,,DCP,New,Proposal,90,1800000.0,2025-06-01,,Nishar & Basith,0,,,2025-06-01,Open,"Business Unit: Trading | Industry: Chemical | Original Stage: Firm | Forecast GM: 20.0% / 300,000.00 | Delivery: 2026-01-19 | Must Win: Yes | Quality: Customer Name and End User missing; Source GM value differs materially from Gross × GM %; Salesman missing"
SS-2530,,PR#3000013359,New,Lost,90,18450.0,2025-01-01,Khalid Al Sayari,Khalid,0,,awaitng Biffi to confirm avaliblity of switch box from sub-supplier,2025-01-01,Lost,"Business Unit: Trading | Industry: Petrochemical | Original Stage: Lost | Forecast GM: 25.0% / 3,690.00 | Delivery: 2025-04-02 | Must Win: Yes | Quality: Customer Name and End User missing; Source GM value differs materially from Gross × GM %"
SS-2529,ARASCO,Truck Queuing System inside ( Dammam Port ),New,Qualification,70,180000.0,2025-08-01,Ahmed Al Bojbarah,Nishar,0,,,2025-08-01,Open,"Business Unit: Project | End User: ARASCO | Industry: Materials | Original Stage: Budgetary | Forecast GM: 20.0% / 30,000.00 | Delivery: 2025-11-30 | Must Win: Yes | Quality: Customer Name missing; Account inferred from End User; Source GM value differs materially from Gross × GM %"
SS-2531,,RFP- C001565380,New,Lost,70,43750.0,2025-05-01,Abdullah Lardhi,Ahmed,0,,no quotaion received from Yokogawa,2025-05-01,Lost,"Business Unit: Trading | Industry: Power & Water | Original Stage: Lost | Forecast GM: 25.0% / 8,750.00 | Delivery: 2025-09-07 | Must Win: Yes | Quality: Customer Name and End User missing; Source GM value differs materially from Gross × GM %"
SS-2528,,Supply fiedlex sensor,New,Lost,70,61562.0,2025-05-01,Abdullah Lardhi,Nishar,0,,,2025-05-01,Lost,"Business Unit: Trading | Industry: Materials | Original Stage: Lost | Forecast GM: 25.0% / 12,312.50 | Delivery: 2025-09-29 | Must Win: Yes | Quality: Customer Name and End User missing; Source GM value differs materially from Gross × GM %"
SS-2527,,6000476292,New,Lost,90,41250.0,2025-03-01,Abdullah Lardhi,Khalid,0,,,2025-03-01,Lost,"Business Unit: Trading | Industry: Oil & Gas | Original Stage: Lost | Forecast GM: 25.0% / 8,250.00 | Delivery: 2025-05-20 | Must Win: Yes | Quality: Customer Name and End User missing; Source GM value differs materially from Gross × GM %"
SS-2526,,4203200955,New,Proposal,70,41580.0,2025-03-01,Abdullah Lardhi,Nishar,0,,Pending in portal,2025-03-01,Open,"Business Unit: Trading | Industry: Oil & Gas | Original Stage: Firm | Forecast GM: 35.0% / 43,120.00 | Delivery: 2025-03-19 | Must Win: Yes | Quality: Customer Name and End User missing; Source GM value differs materially from Gross × GM %"
SS-2525,Aramco,Aramco_4203199678_FLOWMETER; MAGNETIC;,New,Proposal,90,100000.0,2024-01-01,Abdullah Lardhi,Mohamed Nishar,0,,Will get an update after submission of our offer.,2024-01-01,Open,"Business Unit: Trading | End User: Aramco | Industry: Oil & Gas | Original Stage: Firm | Forecast GM: 25.0% / 25,000.00 | Delivery: 2025-05-31 | Must Win: Yes"
SS-2524,Aramco,"FLOWMETER ULTRASONIC, TRANSIT TIME, WASI",New,Proposal,90,0.0,2024-03-01,Basith Ahmed,Mohamed Nishar,0,,Will update once after submission of Our offer.,2024-03-01,Open,"Business Unit: Trading | End User: Aramco | Industry: Oil & Gas | Original Stage: Firm | Forecast GM: 25.0% / 60,000.00 | Delivery: 2024-12-29 | Must Win: Yes | Quality: Customer Name missing; Account inferred from End User; Gross value missing"
SS-2523,Aramco,Supply of Electromagnetic FlowMeter,New,Proposal,90,49500.0,2025-02-01,Abdullah Lardhi,Mohamed Nishar,0,,Will be updated once we submit our proposal and wait for Awarding,2025-02-01,Open,"Business Unit: Trading | End User: Aramco | Industry: Oil & Gas | Original Stage: Firm | Forecast GM: 25.0% / 49,500.00 | Delivery: 2024-12-26 | Must Win: Yes | Quality: Customer Name missing; Account inferred from End User; Source GM value differs materially from Gross × GM %"
SS-2522,,Fleet managment system,New,Qualification,20,222666.67,2025-12-01,Ahmed Al Bojbarah,Ahmed Albojbarah,0,,,2025-12-01,Open,"Business Unit: Project | Industry: Materials | Original Stage: Budgetary | Forecast GM: 25.0% / 33,500.00 | Delivery: 2024-12-25 | Must Win: Yes | Quality: Customer Name and End User missing; Source GM value differs materially from Gross × GM %"
SS-2521,5500693009,upgrade CO2 Analyzer,Upgrade,On Hold,70,1253725.0,2025-08-01,Abdullah Lardhi,Nishar,0,,request fro site visit,2025-08-01,On Hold,"Business Unit: Project | End User: 5500693009 | Industry: Petrochemical | Original Stage: On-Hold | Forecast GM: 35.0% / 328,125.00 | Delivery: 2026-03-17 | Must Win: Yes | Quality: Customer Name missing; Account inferred from End User; Source GM value differs materially from Gross × GM %"
SS-2520,,C001560361,New,Lost,70,18750.0,2025-03-01,Abdullah Lardhi,Nishar,0,,Yokogawa regreted to quote,2025-03-01,Lost,"Business Unit: Trading | Industry: Power & Water | Original Stage: Lost | Forecast GM: 25.0% / 3,750.00 | Delivery: 2025-07-22 | Must Win: No | Quality: Customer Name and End User missing; Source GM value differs materially from Gross × GM %"
SS-2519,,4203199670,New,Lost,70,17812.5,2025-03-01,Abdullah Lardhi,NISHAR,0,,,2025-03-01,Lost,"Business Unit: Trading | Industry: Oil & Gas | Original Stage: Lost | Forecast GM: 25.0% / 7,100.00 | Delivery: 2025-06-17 | Must Win: Yes | Quality: Customer Name and End User missing; Source GM value differs materially from Gross × GM %"
SS-2518,,replacemnt of turbine control system GE,Replacement,Lost,40,5250000.0,2025-09-01,Abdullah Lardhi,Nishar,0,,,2025-09-01,Lost,"Business Unit: Project | Industry: Power & Water | Original Stage: Lost | Forecast GM: 5.0% / 250,000.00 | Delivery: 2026-06-16 | Must Win: Yes | Quality: Customer Name and End User missing"
SS-2517,,Qyasat,New,Qualification,40,5000000.0,2025-08-01,Mohammed Nishar,Nishar,0,,,2025-08-01,Open,"Business Unit: Trading | Industry: Oil & Gas | Original Stage: Budgetary | Forecast GM: 25.0% / 1,000,000.00 | Delivery: 2026-02-10 | Must Win: Yes | Quality: Customer Name and End User missing; Source GM value differs materially from Gross × GM %"
SS-2516,,Versatilis sensor,Replacement,Proposal,70,62500.0,2025-03-01,Abdullah Lardhi,Nishar,0,,,2025-03-01,Open,"Business Unit: Trading | Industry: Power & Water | Original Stage: Firm | Forecast GM: 25.0% / 12,500.00 | Delivery: 2025-09-16 | Must Win: Yes | Quality: Customer Name and End User missing; Source GM value differs materially from Gross × GM %"
SS-2515,,TMI power qulaity analyzer,New,Proposal,70,874000.0,2025-03-01,Abdullah Lardhi,Ahmed Bojobara,0,,,2025-03-01,Open,"Business Unit: Trading | Industry: Power & Water | Original Stage: Firm | Forecast GM: 15.0% / 540,000.00 | Delivery: 2025-08-19 | Must Win: Yes | Quality: Customer Name and End User missing; Source GM value differs materially from Gross × GM %"
SS-2514,,Replace C series actuator,Replacement,Proposal,90,174250.0,2025-05-01,Abdullah Lardhi,Khalid,0,,,2025-05-01,Open,"Business Unit: Trading | Industry: Oil & Gas | Original Stage: Firm | Forecast GM: 25.0% / 34,850.00 | Delivery: 2025-12-03 | Must Win: Yes | Quality: Customer Name and End User missing; Source GM value differs materially from Gross × GM %"
SS-2513,,Welding Robots,New,Qualification,70,337500.0,2025-11-01,Ahmed Al Bojbarah,Ahmed Bojbara,0,,,2025-11-01,Open,"Business Unit: Trading | Industry: Materials | Original Stage: Budgetary | Forecast GM: 35.0% / 87,500.00 | Delivery: 2026-08-18 | Must Win: Yes | Quality: Customer Name and End User missing; Source GM value differs materially from Gross × GM %"
SS-2512,Marafiq Yanbu,Upgradation of RTU in ECMS,Upgrade,Proposal,90,3750000.0,2025-02-01,Basith Ahmed,Basith Ahamed,0,,TBC is going on,2025-02-01,Open,"Business Unit: Project | End User: Marafiq Yanbu | Industry: Power & Water | Original Stage: Firm | Forecast GM: 23.0% / 866,520.00 | Delivery: 2024-12-14 | Must Win: Yes | Quality: Customer Name missing; Account inferred from End User"
SS-2511,,Adding more spare part items into valid PA,Expansion,Proposal,90,1470000.0,2025-02-01,Khalid Al Sayari,Nishar,0,,under follow up with Buyer Mohammed Alyami,2025-02-01,Open,"Business Unit: Trading | Industry: Oil & Gas | Original Stage: Firm | Forecast GM: 47.0% / 470,000.00 | Delivery: 2025-03-01 | Must Win: Yes | Quality: Customer Name and End User missing; Source GM value differs materially from Gross × GM %"
SS-2510,,Oxagon Village Phase 1 // RFQ // Lighting Control & Home Aut,New,Lost,40,3375000.0,2026-03-01,Abdullah Lardhi,Shady,0,,,2026-03-01,Lost,"Business Unit: Project | Industry: Materials | Original Stage: Lost | Forecast GM: 35.0% / 875,000.00 | Delivery: 2026-12-15 | Must Win: Yes | Quality: Customer Name and End User missing; Source GM value differs materially from Gross × GM %"
SS-2509,,Replae C series actuator,Replacement,Qualification,90,198811.0,2025-12-01,Abdullah Lardhi,Khalid,0,,Offer submitted under SAS-24-1713,2025-12-01,Open,"Business Unit: Trading | Industry: Oil & Gas | Original Stage: Budgetary | Forecast GM: 25.0% / 60,811.20 | Delivery: 2026-11-10 | Must Win: Yes | Quality: Customer Name and End User missing; Source GM value differs materially from Gross × GM %"
SS-2508,,UFM,New,Qualification,70,3375000.0,2025-10-01,Abdullah Lardhi,Basith Ahmed,0,,,2025-10-01,Open,"Business Unit: Manufacturing | Industry: Oil & Gas | Original Stage: Budgetary | Forecast GM: 35.0% / 990,000.00 | Delivery: 2026-03-17 | Must Win: Yes | Quality: Customer Name and End User missing; Source GM value differs materially from Gross × GM %"
SS-2507,,RFQ-IFGRS SHYB-009_Supply of Field Instruments GOSP-2 & GOSP,New,Proposal,70,1837500.0,2025-08-01,Basith Ahmed,Basith Ahmed,0,,,2025-08-01,Open,"Business Unit: Manufacturing | Industry: Oil & Gas | Original Stage: Firm | Forecast GM: 35.0% / 486,937.50 | Delivery: 2025-12-16 | Must Win: Yes | Quality: Customer Name and End User missing; Source GM value differs materially from Gross × GM %"
SS-2506,,SIRI,Upgrade,On Hold,90,15000.0,2026-06-01,Ahmed Al Bojbarah,Ahmed Albojar,0,,,2026-06-01,On Hold,"Business Unit: Trading | Industry: Food & Beverage | Original Stage: On-Hold | Forecast GM: 80.0% / 12,000.00 | Delivery: 2026-11-17 | Must Win: Yes | Quality: Customer Name and End User missing"
SS-2505,WATER TRANSMISSION COMPANY,Abha-Bisha Water Transmission System (ABBWTS,Expansion,Lost,40,800000.0,2025-08-01,Abdullah Lardhi,Kareem,0,,,2025-08-01,Lost,"Business Unit: Project | End User: WATER TRANSMISSION COMPANY | Industry: Power & Water | Original Stage: Lost | Forecast GM: 35.0% / 560,000.00 | Delivery: 2026-02-10 | Must Win: Yes | Quality: Customer Name missing; Account inferred from End User; Source GM value differs materially from Gross × GM %"
SS-2504,,Flow meter device to measure the Raw material (PP) in the pi,Upgrade,Lost,70,150000.0,2025-08-01,Ahmed Al Bojbarah,Nishar,0,,Canceled due to budget issue,2025-08-01,Lost,"Business Unit: Trading | Industry: Materials | Original Stage: Canceled | Forecast GM: 35.0% / 210,000.00 | Delivery: 2024-12-02 | Must Win: Yes | Quality: Customer Name and End User missing; Source GM value differs materially from Gross × GM %"
SS-2503,Saudi Aramco,Supply of Honeywell GC spare parts,Replacement,Qualification,90,0.0,2024-12-01,Basith Ahmed,Basith Ahamed,0,,,2024-12-01,Open,"Business Unit: Trading | End User: Saudi Aramco | Industry: Oil & Gas | Original Stage: Budgetary | Forecast GM: 25.0% / 2,500.00 | Delivery: 2025-04-01 | Must Win: Yes | Quality: Customer Name missing; Account inferred from End User; Gross value missing"
SS-2502,,Supply Coating & welding Arc robot,New,Lost,70,800000.0,2025-03-01,Abdullah Lardhi,,0,,,2025-03-01,Lost,"Business Unit: Trading | Industry: Materials | Original Stage: Canceled | Forecast GM: 35.0% / 280,000.00 | Delivery: 2025-10-07 | Must Win: No | Quality: Customer Name and End User missing; Assigned To missing"
SS-2501,FOOD TECH FOR INDUSTRIES,Automation and Industry 4.0 Implementation Project,New,Qualification,90,375000.0,2025-12-01,Abdullah Lardhi,,0,,"Siri assessment done , automation and digital solution implememtaion are under process",2025-12-01,Open,"Business Unit: Project | End User: FOOD TECH FOR INDUSTRIES | Industry: Food & Beverage | Original Stage: Budgetary | Forecast GM: 35.0% / 135,250.00 | Delivery: 2025-12-20 | Must Win: No | Quality: Customer Name missing; Account inferred from End User; Assigned To missing"
SS-25-0100,ARASCO,Truck Queuing System inside ( Dammam Port ),New,Qualification,70,180000.0,2025-08-01,Ahmed Al Bojbarah,Rania,0,,,2025-08-01,Open,"Business Unit: Project | End User: ARASCO | Industry: Materials | Original Stage: Budgetary | Forecast GM: 20.0% / 30,000.00 | Delivery: 2025-11-30 | Must Win: Yes | Quality: Customer Name missing; Account inferred from End User; Source GM value differs materially from Gross × GM %"
